duration,protocol_type,service,flag,src_bytes,dst_bytes,wrong_fragment,urgent,hot,num_failed_logins,num_compromised,root_shell,count,srv_count,serror_rate,rerror_rate,same_srv_rate,diff_srv_rate,label
48.22,tcp,telnet,SF,2465,6777,0,0,6,0,2,1,1,1,0.0,0.0,1.0,0.0,U2R
0.0,tcp,private,S0,0,0,0,0,0,0,0,0,429,25,0.91,0.04,0.2,0.1,DoS
1.103,tcp,smtp,SF,1490,1198,0,0,0,0,0,0,2,5,0.02,0.03,0.96,0.05,normal
0.878,tcp,http,SF,1001,4758,0,0,0,0,0,0,12,3,0.01,0.03,0.87,0.02,normal
0.97,tcp,http,SF,253,5472,0,0,0,0,0,0,7,9,0.02,0.03,0.9,0.03,normal
11.78,tcp,ftp,SF,145,439,0,0,4,5,0,0,4,4,0.0,0.0,1.0,0.0,R2L
0.279,tcp,dns,SF,521,730,0,0,0,0,0,0,8,3,0.01,0.03,0.96,0.01,normal
0.044,icmp,private,RSTO,89,0,0,0,0,0,0,0,98,2,0.05,0.58,0.07,0.75,Probe
0.429,tcp,http,SF,1664,4291,0,0,0,0,0,0,6,6,0.04,0.03,0.93,0.02,normal
0.0,tcp,private,S0,0,0,0,0,0,0,0,0,297,24,0.96,0.09,0.18,0.06,DoS
0.0,tcp,private,S0,0,0,0,0,0,0,0,0,455,11,0.87,0.08,0.12,0.16,DoS
0.329,tcp,smtp,SF,200,6475,0,0,0,0,0,0,1,4,0.0,0.02,0.93,0.07,normal
0.922,tcp,smtp,SF,710,5012,0,0,0,0,0,0,9,3,0.04,0.01,0.86,0.08,normal
0.0,tcp,private,S0,0,0,0,0,0,0,0,0,199,15,0.92,0.07,0.05,0.07,DoS
0.746,tcp,http,SF,789,6086,0,0,0,0,0,0,3,2,0.04,0.04,0.85,0.02,normal
0.772,tcp,smtp,SF,1430,4656,0,0,0,0,0,0,12,3,0.02,0.05,0.87,0.13,normal
0.395,tcp,http,SF,726,5838,0,0,0,0,0,0,3,2,0.04,0.0,0.85,0.15,normal
0.0,tcp,private,S0,0,0,0,0,0,0,0,0,204,25,0.93,0.01,0.14,0.14,DoS
0.0,tcp,private,S0,0,0,0,0,0,0,0,0,397,12,0.99,0.09,0.14,0.16,DoS
1.117,tcp,http,SF,196,6660,0,0,0,0,0,0,5,8,0.05,0.01,0.85,0.0,normal
0.905,tcp,http,SF,687,1274,0,0,0,0,0,0,8,10,0.04,0.01,0.92,0.01,normal
61.89,tcp,ssh,SF,4316,6773,0,0,0,0,0,0,1,2,0.0,0.0,1.0,0.0,normal
0.0,tcp,private,S0,0,0,0,0,0,0,0,0,460,18,0.94,0.02,0.19,0.11,DoS
0.116,tcp,http,SF,1680,4935,0,0,0,0,0,0,10,9,0.02,0.0,0.99,0.13,normal
0.993,tcp,http,SF,1374,1753,0,0,0,0,0,0,10,1,0.02,0.05,0.85,0.05,normal
0.88,tcp,http,SF,1725,4024,0,0,0,0,0,0,5,10,0.03,0.03,0.87,0.03,normal
0.0,tcp,private,S0,0,0,0,0,0,0,0,0,383,23,0.94,0.07,0.2,0.17,DoS
93.06,tcp,ssh,SF,8939,33423,0,0,0,0,0,0,3,1,0.0,0.0,1.0,0.0,normal
0.899,tcp,http,SF,307,2464,0,0,0,0,0,0,11,10,0.0,0.01,0.95,0.0,normal
25.93,tcp,ssh,SF,1510,34212,0,0,0,0,0,0,1,2,0.0,0.0,1.0,0.0,normal
0.227,tcp,smtp,SF,721,1201,0,0,0,0,0,0,8,9,0.04,0.04,0.94,0.11,normal
0.0,tcp,private,S0,0,0,0,0,0,0,0,0,367,16,0.92,0.05,0.07,0.11,DoS
0.0,tcp,private,S0,0,0,0,0,0,0,0,0,164,18,0.99,0.01,0.18,0.1,DoS
0.0,tcp,private,S0,0,0,0,0,0,0,0,0,348,14,0.93,0.01,0.12,0.11,DoS
1.048,tcp,http,SF,625,8083,0,0,0,0,0,0,11,4,0.02,0.01,0.95,0.0,normal
117.43,tcp,ssh,SF,2979,2701,0,0,0,0,0,0,3,2,0.0,0.0,1.0,0.0,normal
0.338,tcp,dns,SF,1477,5595,0,0,0,0,0,0,8,3,0.04,0.02,0.89,0.1,normal
0.717,tcp,http,SF,1173,6999,0,0,0,0,0,0,5,4,0.04,0.02,0.9,0.13,normal
0.061,tcp,dns,SF,602,6778,0,0,0,0,0,0,11,7,0.03,0.05,0.92,0.05,normal
0.0,tcp,private,S0,0,0,0,0,0,0,0,0,360,20,0.88,0.05,0.16,0.17,DoS
0.012,icmp,telnet,SF,68,0,0,0,0,0,0,0,152,4,0.19,0.92,0.07,0.93,Probe
0.369,tcp,dns,SF,387,5247,0,0,0,0,0,0,1,6,0.04,0.01,0.98,0.04,normal
2.28,tcp,telnet,SF,569,266,0,0,3,5,0,0,3,1,0.0,0.0,1.0,0.0,R2L
0.574,tcp,http,SF,1286,429,0,0,0,0,0,0,4,4,0.04,0.04,0.92,0.07,normal
0.047,tcp,telnet,REJ,39,0,0,0,0,0,0,0,178,4,0.12,0.69,0.05,1.0,Probe
0.913,tcp,smtp,SF,1302,6613,0,0,0,0,0,0,7,8,0.0,0.01,0.95,0.03,normal
0.779,tcp,smtp,SF,1532,4951,0,0,0,0,0,0,2,5,0.05,0.04,0.99,0.1,normal
0.205,tcp,dns,SF,1454,5672,0,0,0,0,0,0,5,3,0.02,0.02,0.93,0.03,normal
0.812,tcp,dns,SF,337,6445,0,0,0,0,0,0,9,8,0.04,0.0,0.89,0.04,normal
0.791,tcp,http,SF,767,7447,0,0,0,0,0,0,12,7,0.02,0.0,0.94,0.13,normal
0.0,tcp,private,S0,0,0,0,0,0,0,0,0,210,9,0.91,0.08,0.07,0.07,DoS
11.08,tcp,ssh,SF,391,317,0,0,1,6,0,0,5,4,0.0,0.0,1.0,0.0,R2L
0.242,tcp,http,SF,1291,1751,0,0,0,0,0,0,10,9,0.03,0.01,0.88,0.14,normal
0.322,tcp,http,SF,1725,4201,0,0,0,0,0,0,3,10,0.02,0.04,0.97,0.12,normal
4.24,tcp,ssh,SF,327,195,0,0,2,3,0,0,3,2,0.0,0.0,1.0,0.0,R2L
0.122,tcp,http,SF,1702,593,0,0,0,0,0,0,5,4,0.03,0.02,0.93,0.03,normal
0.032,icmp,private,REJ,62,0,0,0,0,0,0,0,180,4,0.16,0.94,0.06,0.76,Probe
48.51,tcp,telnet,SF,2410,4567,0,0,2,0,4,1,1,1,0.0,0.0,1.0,0.0,U2R
0.022,icmp,eco_i,SF,81,0,0,0,0,0,0,0,157,4,0.17,0.91,0.05,0.78,Probe
0.92,tcp,http,SF,1402,7686,0,0,0,0,0,0,12,2,0.04,0.04,0.93,0.1,normal
0.673,tcp,smtp,SF,674,2817,0,0,0,0,0,0,2,5,0.03,0.03,0.9,0.11,normal
0.46,tcp,http,SF,1281,1504,0,0,0,0,0,0,2,8,0.05,0.03,0.89,0.11,normal
0.721,tcp,http,SF,1712,5344,0,0,0,0,0,0,12,4,0.04,0.04,0.86,0.14,normal
0.384,tcp,smtp,SF,192,3956,0,0,0,0,0,0,9,3,0.05,0.01,0.86,0.03,normal
0.041,tcp,http,SF,1221,7350,0,0,0,0,0,0,7,1,0.03,0.04,0.98,0.13,normal
0.048,tcp,finger,REJ,75,0,0,0,0,0,0,0,143,1,0.19,0.42,0.08,0.88,Probe
0.374,tcp,dns,SF,880,406,0,0,0,0,0,0,9,5,0.04,0.03,0.93,0.02,normal
1.143,tcp,dns,SF,1055,7033,0,0,0,0,0,0,2,10,0.01,0.01,0.85,0.06,normal
0.657,tcp,dns,SF,1227,7535,0,0,0,0,0,0,10,7,0.01,0.04,0.91,0.12,normal
0.621,tcp,http,SF,351,6111,0,0,0,0,0,0,6,10,0.04,0.02,0.86,0.12,normal
0.773,tcp,http,SF,1309,7996,0,0,0,0,0,0,2,9,0.04,0.03,0.98,0.04,normal
1.072,tcp,smtp,SF,463,3567,0,0,0,0,0,0,6,9,0.01,0.02,0.96,0.13,normal
52.66,tcp,telnet,SF,1527,9385,0,0,5,0,2,1,1,1,0.0,0.0,1.0,0.0,U2R
0.421,tcp,http,SF,641,1159,0,0,0,0,0,0,10,10,0.01,0.02,0.96,0.14,normal
0.903,tcp,dns,SF,1243,2022,0,0,0,0,0,0,7,7,0.03,0.04,0.88,0.1,normal
0.072,tcp,smtp,SF,1127,4144,0,0,0,0,0,0,10,10,0.0,0.04,0.88,0.13,normal
0.838,tcp,http,SF,1048,737,0,0,0,0,0,0,11,2,0.01,0.02,0.85,0.12,normal
0.702,tcp,http,SF,327,1585,0,0,0,0,0,0,6,6,0.01,0.04,0.99,0.15,normal
0.027,icmp,eco_i,RSTO,10,0,0,0,0,0,0,0,215,1,0.18,0.76,0.04,0.8,Probe
0.0,tcp,private,S0,0,0,0,0,0,0,0,0,272,25,0.97,0.05,0.08,0.17,DoS
51.24,tcp,telnet,SF,4073,3027,0,0,4,0,3,1,1,1,0.0,0.0,1.0,0.0,U2R
0.637,tcp,http,SF,1000,1317,0,0,0,0,0,0,4,9,0.02,0.05,0.91,0.03,normal
0.0,tcp,private,REJ,0,0,0,0,0,0,0,0,392,16,0.89,0.04,0.14,0.18,DoS
0.208,tcp,http,SF,1622,2744,0,0,0,0,0,0,7,3,0.05,0.0,0.91,0.1,normal
0.755,tcp,http,SF,463,2372,0,0,0,0,0,0,9,8,0.05,0.01,0.91,0.0,normal
0.002,tcp,finger,REJ,38,0,0,0,0,0,0,0,198,3,0.06,0.85,0.07,0.91,Probe
0.026,icmp,eco_i,RSTO,91,0,0,0,0,0,0,0,219,4,0.02,0.57,0.01,0.67,Probe
1.164,tcp,smtp,SF,640,8429,0,0,0,0,0,0,5,2,0.02,0.0,0.97,0.08,normal
0.046,icmp,telnet,REJ,56,0,0,0,0,0,0,0,201,3,0.05,0.45,0.02,0.89,Probe
106.13,tcp,ssh,SF,8063,12658,0,0,0,0,0,0,1,3,0.0,0.0,1.0,0.0,normal
0.528,tcp,http,SF,1666,647,0,0,0,0,0,0,12,9,0.0,0.04,0.91,0.05,normal
1.173,tcp,dns,SF,1433,3585,0,0,0,0,0,0,1,10,0.03,0.03,0.9,0.1,normal
1.152,tcp,http,SF,1348,428,0,0,0,0,0,0,9,9,0.03,0.04,0.95,0.04,normal
0.188,tcp,http,SF,1783,3703,0,0,0,0,0,0,5,2,0.05,0.02,0.98,0.1,normal
0.025,icmp,telnet,REJ,82,0,0,0,0,0,0,0,113,4,0.08,0.73,0.05,0.85,Probe
0.0,tcp,private,REJ,0,0,0,0,0,0,0,0,335,23,0.99,0.08,0.17,0.17,DoS
0.225,tcp,http,SF,1453,1619,0,0,0,0,0,0,6,7,0.01,0.04,0.9,0.11,normal
0.045,tcp,finger,REJ,96,0,0,0,0,0,0,0,85,2,0.2,0.87,0.07,0.83,Probe
1.177,tcp,http,SF,1349,2208,0,0,0,0,0,0,10,1,0.03,0.03,0.91,0.08,normal
0.063,tcp,smtp,SF,1263,551,0,0,0,0,0,0,1,4,0.0,0.04,0.98,0.08,normal
77.71,tcp,ssh,SF,6740,5406,0,0,0,0,0,0,2,1,0.0,0.0,1.0,0.0,normal
0.023,tcp,dns,SF,840,5030,0,0,0,0,0,0,6,7,0.01,0.0,0.96,0.05,normal
0.0,tcp,private,S0,0,0,0,0,0,0,0,0,384,15,0.98,0.09,0.13,0.09,DoS
0.747,tcp,http,SF,1144,4335,0,0,0,0,0,0,7,2,0.01,0.01,0.95,0.13,normal
0.0,tcp,private,S0,0,0,0,0,0,0,0,0,363,11,0.98,0.04,0.14,0.11,DoS
0.0,tcp,private,REJ,0,0,0,0,0,0,0,0,345,17,0.94,0.08,0.19,0.08,DoS
12.99,tcp,telnet,SF,510,569,0,0,2,4,0,0,5,4,0.0,0.0,1.0,0.0,R2L
0.041,tcp,telnet,SF,52,0,0,0,0,0,0,0,87,2,0.08,0.79,0.05,0.96,Probe
64.13,tcp,telnet,SF,3406,7937,0,0,5,0,1,1,1,1,0.0,0.0,1.0,0.0,U2R
0.042,icmp,http,SF,21,0,0,0,0,0,0,0,204,4,0.01,0.52,0.01,0.97,Probe
1.157,tcp,smtp,SF,1066,1885,0,0,0,0,0,0,2,4,0.03,0.02,0.93,0.13,normal
0.0,tcp,private,S0,0,0,0,0,0,0,0,0,246,5,0.96,0.05,0.07,0.17,DoS
0.433,tcp,http,SF,1529,3872,0,0,0,0,0,0,9,2,0.01,0.0,0.96,0.1,normal
0.023,icmp,telnet,SF,86,0,0,0,0,0,0,0,137,4,0.03,0.76,0.02,0.78,Probe
11.82,tcp,ssh,SF,11144,32607,0,0,0,0,0,0,2,3,0.0,0.0,1.0,0.0,normal
0.028,tcp,eco_i,RSTO,0,0,0,0,0,0,0,0,212,4,0.08,0.85,0.02,0.81,Probe
1.074,tcp,smtp,SF,740,5670,0,0,0,0,0,0,4,10,0.0,0.02,0.87,0.09,normal
0.428,tcp,http,SF,1269,3016,0,0,0,0,0,0,3,8,0.04,0.04,0.9,0.09,normal
0.0,tcp,private,REJ,0,0,0,0,0,0,0,0,460,7,0.88,0.0,0.1,0.1,DoS
1.185,tcp,http,SF,480,6739,0,0,0,0,0,0,4,6,0.05,0.02,0.94,0.02,normal
0.679,tcp,http,SF,550,1824,0,0,0,0,0,0,10,5,0.03,0.01,0.93,0.04,normal
0.048,icmp,eco_i,SF,52,0,0,0,0,0,0,0,190,3,0.08,0.76,0.02,0.88,Probe
0.006,icmp,private,SF,41,0,0,0,0,0,0,0,126,3,0.13,0.85,0.1,1.0,Probe
0.035,icmp,telnet,REJ,91,0,0,0,0,0,0,0,144,4,0.04,0.71,0.03,0.91,Probe
1.048,tcp,smtp,SF,1581,4905,0,0,0,0,0,0,11,7,0.05,0.01,1.0,0.05,normal
50.39,tcp,telnet,SF,2178,8627,0,0,6,0,2,1,1,1,0.0,0.0,1.0,0.0,U2R
0.215,tcp,dns,SF,935,2316,0,0,0,0,0,0,3,1,0.03,0.0,1.0,0.13,normal
1.092,tcp,http,SF,971,2000,0,0,0,0,0,0,4,1,0.05,0.02,0.95,0.1,normal
0.0,tcp,private,S0,0,0,0,0,0,0,0,0,236,10,1.0,0.1,0.08,0.13,DoS
70.77,tcp,ssh,SF,8507,20941,0,0,0,0,0,0,3,3,0.0,0.0,1.0,0.0,normal
1.192,tcp,dns,SF,1124,6718,0,0,0,0,0,0,3,4,0.05,0.03,0.97,0.0,normal
9.19,tcp,ssh,SF,235,415,0,0,3,2,0,0,2,1,0.0,0.0,1.0,0.0,R2L
0.565,tcp,http,SF,807,5047,0,0,0,0,0,0,6,7,0.02,0.05,0.89,0.15,normal
0.205,tcp,http,SF,1371,8207,0,0,0,0,0,0,6,10,0.04,0.02,0.97,0.14,normal
0.021,icmp,telnet,RSTO,44,0,0,0,0,0,0,0,188,2,0.07,0.67,0.05,0.69,Probe
104.62,tcp,ssh,SF,2784,27863,0,0,0,0,0,0,2,2,0.0,0.0,1.0,0.0,normal
49.68,tcp,ssh,SF,2472,5481,0,0,0,0,0,0,1,2,0.0,0.0,1.0,0.0,normal
0.117,tcp,http,SF,1390,2244,0,0,0,0,0,0,6,2,0.02,0.01,0.87,0.01,normal
0.203,tcp,http,SF,1231,6120,0,0,0,0,0,0,5,4,0.04,0.0,0.86,0.07,normal
0.007,tcp,http,SF,1,0,0,0,0,0,0,0,200,4,0.04,0.47,0.0,0.7,Probe
11.63,tcp,ssh,SF,335,155,0,0,1,3,0,0,3,5,0.0,0.0,1.0,0.0,R2L
59.21,tcp,ssh,SF,5360,14499,0,0,0,0,0,0,1,1,0.0,0.0,1.0,0.0,normal
0.256,tcp,smtp,SF,310,2137,0,0,0,0,0,0,1,3,0.02,0.01,0.94,0.08,normal
13.51,tcp,ssh,SF,4347,18888,0,0,0,0,0,0,3,1,0.0,0.0,1.0,0.0,normal
0.0,tcp,private,S0,0,0,0,0,0,0,0,0,210,20,0.99,0.03,0.11,0.18,DoS
0.939,tcp,dns,SF,861,4200,0,0,0,0,0,0,1,1,0.0,0.02,0.92,0.06,normal
0.0,tcp,private,S0,0,0,0,0,0,0,0,0,190,25,0.98,0.08,0.2,0.15,DoS
0.0,tcp,private,REJ,0,0,0,0,0,0,0,0,387,4,0.98,0.09,0.17,0.07,DoS
97.92,tcp,ssh,SF,3409,30105,0,0,0,0,0,0,3,3,0.0,0.0,1.0,0.0,normal
0.428,tcp,http,SF,796,5754,0,0,0,0,0,0,7,2,0.0,0.05,0.9,0.11,normal
1.11,tcp,telnet,SF,352,566,0,0,3,2,0,0,1,3,0.0,0.0,1.0,0.0,R2L
1.119,tcp,dns,SF,1096,2350,0,0,0,0,0,0,5,6,0.01,0.02,0.99,0.12,normal
0.0,tcp,private,REJ,0,0,0,0,0,0,0,0,375,13,0.93,0.05,0.14,0.05,DoS
0.928,tcp,dns,SF,1222,3498,0,0,0,0,0,0,10,5,0.01,0.0,0.97,0.07,normal
0.021,tcp,finger,RSTO,90,0,0,0,0,0,0,0,116,1,0.05,0.55,0.09,0.93,Probe
0.425,tcp,http,SF,892,8222,0,0,0,0,0,0,2,6,0.01,0.05,0.97,0.02,normal
0.521,tcp,http,SF,136,5665,0,0,0,0,0,0,2,6,0.01,0.01,0.99,0.1,normal
0.88,tcp,http,SF,909,8195,0,0,0,0,0,0,4,10,0.0,0.03,1.0,0.11,normal
10.46,tcp,ssh,SF,125,429,0,0,4,6,0,0,5,1,0.0,0.0,1.0,0.0,R2L
0.574,tcp,http,SF,909,4228,0,0,0,0,0,0,1,2,0.05,0.01,0.94,0.15,normal
0.033,icmp,eco_i,RSTO,30,0,0,0,0,0,0,0,195,3,0.12,0.54,0.03,0.89,Probe
0.006,icmp,http,RSTO,29,0,0,0,0,0,0,0,121,3,0.16,0.95,0.1,0.97,Probe
0.02,tcp,finger,SF,65,0,0,0,0,0,0,0,97,1,0.07,0.7,0.03,0.86,Probe
0.92,tcp,dns,SF,1229,2542,0,0,0,0,0,0,4,8,0.04,0.03,0.97,0.0,normal
1.146,tcp,http,SF,1417,5137,0,0,0,0,0,0,5,3,0.0,0.01,0.95,0.11,normal
0.0,tcp,private,S0,0,0,0,0,0,0,0,0,345,13,0.98,0.09,0.17,0.1,DoS
1.05,tcp,http,SF,1371,6739,0,0,0,0,0,0,7,3,0.03,0.01,0.87,0.03,normal
0.0,tcp,private,REJ,0,0,0,0,0,0,0,0,245,18,0.89,0.06,0.16,0.14,DoS
0.0,tcp,private,S0,0,0,0,0,0,0,0,0,363,5,0.92,0.08,0.17,0.1,DoS
1.035,tcp,smtp,SF,624,1662,0,0,0,0,0,0,4,5,0.0,0.04,0.86,0.0,normal
0.0,tcp,private,REJ,0,0,0,0,0,0,0,0,206,13,0.99,0.09,0.08,0.2,DoS
0.047,tcp,http,RSTO,69,0,0,0,0,0,0,0,113,4,0.09,0.87,0.02,0.96,Probe
1.034,tcp,dns,SF,1646,6224,0,0,0,0,0,0,4,7,0.01,0.02,0.99,0.07,normal
0.481,tcp,http,SF,156,4230,0,0,0,0,0,0,9,9,0.03,0.03,0.93,0.02,normal
0.398,tcp,http,SF,818,2424,0,0,0,0,0,0,3,4,0.04,0.04,0.94,0.07,normal
39.45,tcp,ssh,SF,11883,8499,0,0,0,0,0,0,1,1,0.0,0.0,1.0,0.0,normal
0.13,tcp,http,SF,773,4868,0,0,0,0,0,0,2,7,0.02,0.05,0.87,0.14,normal
7.58,tcp,ssh,SF,125,790,0,0,4,6,0,0,3,1,0.0,0.0,1.0,0.0,R2L
0.667,tcp,http,SF,591,7476,0,0,0,0,0,0,6,5,0.03,0.02,0.91,0.07,normal
0.0,tcp,private,S0,0,0,0,0,0,0,0,0,413,9,0.93,0.09,0.13,0.14,DoS
0.0,tcp,private,S0,0,0,0,0,0,0,0,0,288,9,0.9,0.09,0.19,0.05,DoS
0.0,tcp,private,S0,0,0,0,0,0,0,0,0,289,9,0.96,0.05,0.16,0.2,DoS
0.22,tcp,http,SF,1561,3100,0,0,0,0,0,0,3,4,0.02,0.04,0.93,0.01,normal
0.05,icmp,eco_i,SF,47,0,0,0,0,0,0,0,116,3,0.05,0.62,0.02,0.93,Probe
0.405,tcp,http,SF,1549,3302,0,0,0,0,0,0,4,6,0.01,0.05,0.85,0.03,normal
0.02,icmp,http,SF,98,0,0,0,0,0,0,0,89,3,0.04,0.69,0.04,0.7,Probe
1.047,tcp,dns,SF,1276,1873,0,0,0,0,0,0,8,5,0.01,0.03,0.99,0.1,normal
0.0,tcp,private,S0,0,0,0,0,0,0,0,0,206,7,0.96,0.09,0.09,0.14,DoS
0.736,tcp,http,SF,417,1412,0,0,0,0,0,0,10,4,0.03,0.04,0.89,0.12,normal
0.171,tcp,http,SF,1711,789,0,0,0,0,0,0,6,3,0.02,0.0,0.91,0.05,normal
0.0,tcp,private,S0,0,0,0,0,0,0,0,0,178,16,0.91,0.04,0.11,0.06,DoS
0.0,tcp,private,S0,0,0,0,0,0,0,0,0,233,10,0.96,0.09,0.13,0.17,DoS
0.147,tcp,http,SF,1323,5647,0,0,0,0,0,0,12,2,0.0,0.02,0.89,0.11,normal
0.0,tcp,private,S0,0,0,0,0,0,0,0,0,276,8,0.98,0.0,0.09,0.06,DoS
0.819,tcp,http,SF,1625,6055,0,0,0,0,0,0,11,9,0.04,0.05,0.94,0.06,normal
0.202,tcp,smtp,SF,920,3809,0,0,0,0,0,0,4,10,0.02,0.03,0.99,0.1,normal
0.588,tcp,http,SF,993,3404,0,0,0,0,0,0,5,4,0.01,0.04,0.93,0.1,normal
0.025,tcp,http,SF,18,0,0,0,0,0,0,0,92,4,0.08,0.46,0.06,0.93,Probe
0.046,tcp,http,RSTO,24,0,0,0,0,0,0,0,106,3,0.16,0.9,0.08,0.85,Probe
1.078,tcp,http,SF,476,6567,0,0,0,0,0,0,6,9,0.02,0.05,0.95,0.08,normal
0.0,tcp,private,S0,0,0,0,0,0,0,0,0,308,21,0.99,0.01,0.16,0.16,DoS
0.025,icmp,finger,RSTO,20,0,0,0,0,0,0,0,167,4,0.04,0.89,0.03,0.8,Probe
0.0,tcp,private,REJ,0,0,0,0,0,0,0,0,203,12,0.95,0.06,0.19,0.18,DoS
0.021,tcp,private,SF,74,0,0,0,0,0,0,0,198,3,0.14,0.89,0.02,0.73,Probe
0.0,tcp,private,S0,0,0,0,0,0,0,0,0,363,7,0.89,0.09,0.15,0.19,DoS
0.683,tcp,dns,SF,445,7484,0,0,0,0,0,0,2,6,0.0,0.01,0.93,0.13,normal
0.0,tcp,private,REJ,0,0,0,0,0,0,0,0,215,11,0.85,0.03,0.2,0.2,DoS
0.0,tcp,private,REJ,0,0,0,0,0,0,0,0,435,18,0.94,0.07,0.13,0.1,DoS
0.0,tcp,private,REJ,0,0,0,0,0,0,0,0,315,20,0.94,0.04,0.19,0.13,DoS
9.46,tcp,telnet,SF,457,675,0,0,3,3,0,0,2,4,0.0,0.0,1.0,0.0,R2L
62.25,tcp,telnet,SF,3158,5212,0,0,2,0,3,1,1,1,0.0,0.0,1.0,0.0,U2R
0.0,tcp,private,S0,0,0,0,0,0,0,0,0,169,9,0.95,0.03,0.11,0.06,DoS
0.311,tcp,http,SF,1150,5482,0,0,0,0,0,0,11,1,0.04,0.01,0.94,0.08,normal
0.0,tcp,private,S0,0,0,0,0,0,0,0,0,464,21,0.97,0.1,0.11,0.08,DoS
0.041,tcp,eco_i,SF,34,0,0,0,0,0,0,0,186,3,0.18,0.94,0.03,0.88,Probe
0.638,tcp,dns,SF,811,2570,0,0,0,0,0,0,8,2,0.03,0.0,0.87,0.02,normal
115.83,tcp,ssh,SF,2345,12692,0,0,0,0,0,0,3,1,0.0,0.0,1.0,0.0,normal
0.981,tcp,http,SF,1372,3276,0,0,0,0,0,0,12,6,0.03,0.02,0.89,0.13,normal
0.0,tcp,private,REJ,0,0,0,0,0,0,0,0,464,25,0.97,0.06,0.06,0.08,DoS
46.74,tcp,ssh,SF,3845,28279,0,0,0,0,0,0,3,1,0.0,0.0,1.0,0.0,normal
1.97,tcp,ftp,SF,317,239,0,0,4,2,0,0,4,4,0.0,0.0,1.0,0.0,R2L
0.032,icmp,finger,RSTO,63,0,0,0,0,0,0,0,211,3,0.02,0.49,0.05,0.78,Probe
0.034,tcp,eco_i,REJ,38,0,0,0,0,0,0,0,170,4,0.07,0.67,0.1,0.78,Probe
0.045,icmp,eco_i,REJ,3,0,0,0,0,0,0,0,145,2,0.19,0.48,0.08,0.86,Probe
0.115,tcp,smtp,SF,788,4409,0,0,0,0,0,0,6,3,0.04,0.0,0.99,0.06,normal
0.328,tcp,dns,SF,602,6238,0,0,0,0,0,0,4,10,0.03,0.03,1.0,0.08,normal
0.0,tcp,private,REJ,0,0,0,0,0,0,0,0,434,5,0.89,0.09,0.14,0.13,DoS
0.124,tcp,dns,SF,702,1202,0,0,0,0,0,0,8,1,0.01,0.0,1.0,0.06,normal
0.902,tcp,dns,SF,446,5889,0,0,0,0,0,0,6,7,0.02,0.03,0.9,0.09,normal
29.88,tcp,ssh,SF,3062,32431,0,0,0,0,0,0,3,2,0.0,0.0,1.0,0.0,normal
0.038,tcp,smtp,SF,688,894,0,0,0,0,0,0,4,2,0.05,0.04,0.99,0.07,normal
0.088,tcp,smtp,SF,1446,2803,0,0,0,0,0,0,4,8,0.05,0.04,0.92,0.14,normal
0.049,tcp,private,RSTO,6,0,0,0,0,0,0,0,202,4,0.07,0.47,0.03,0.88,Probe
104.44,tcp,ssh,SF,3787,32783,0,0,0,0,0,0,1,2,0.0,0.0,1.0,0.0,normal
0.045,tcp,private,REJ,46,0,0,0,0,0,0,0,161,4,0.16,0.79,0.06,0.91,Probe
0.781,tcp,http,SF,646,1528,0,0,0,0,0,0,1,5,0.0,0.04,0.85,0.07,normal
0.0,tcp,private,S0,0,0,0,0,0,0,0,0,327,22,0.95,0.09,0.11,0.16,DoS
0.012,tcp,smtp,SF,1538,8293,0,0,0,0,0,0,5,9,0.05,0.02,1.0,0.13,normal
44.19,tcp,telnet,SF,2546,6328,0,0,4,0,3,1,1,1,0.0,0.0,1.0,0.0,U2R
0.0,tcp,private,S0,0,0,0,0,0,0,0,0,217,10,0.85,0.06,0.13,0.07,DoS
0.906,tcp,http,SF,342,6007,0,0,0,0,0,0,3,4,0.02,0.0,0.95,0.0,normal
0.901,tcp,smtp,SF,599,5816,0,0,0,0,0,0,7,8,0.04,0.03,0.96,0.09,normal
1.128,tcp,http,SF,1788,3461,0,0,0,0,0,0,4,9,0.05,0.01,0.94,0.04,normal
0.0,tcp,private,REJ,0,0,0,0,0,0,0,0,414,14,0.9,0.0,0.16,0.17,DoS
0.667,tcp,http,SF,974,5729,0,0,0,0,0,0,5,10,0.05,0.0,0.87,0.03,normal
1.171,tcp,http,SF,1782,2489,0,0,0,0,0,0,7,7,0.04,0.02,0.89,0.06,normal
0.0,tcp,private,S0,0,0,0,0,0,0,0,0,229,22,0.91,0.03,0.16,0.08,DoS
0.027,icmp,telnet,REJ,69,0,0,0,0,0,0,0,105,1,0.19,0.81,0.06,0.95,Probe
0.295,tcp,http,SF,1327,6223,0,0,0,0,0,0,4,4,0.01,0.05,0.9,0.01,normal
0.072,tcp,http,SF,1147,1906,0,0,0,0,0,0,10,3,0.05,0.01,0.86,0.12,normal
0.0,tcp,private,S0,0,0,0,0,0,0,0,0,160,4,0.86,0.03,0.13,0.14,DoS
0.455,tcp,http,SF,806,7822,0,0,0,0,0,0,4,7,0.05,0.03,0.85,0.07,normal
0.914,tcp,smtp,SF,342,6041,0,0,0,0,0,0,5,9,0.03,0.02,0.96,0.14,normal
1.034,tcp,http,SF,949,3112,0,0,0,0,0,0,7,9,0.01,0.03,0.91,0.07,normal
0.0,tcp,private,REJ,0,0,0,0,0,0,0,0,431,3,0.93,0.09,0.16,0.06,DoS
0.043,tcp,finger,RSTO,44,0,0,0,0,0,0,0,102,1,0.07,0.72,0.09,0.79,Probe
0.689,tcp,smtp,SF,273,5523,0,0,0,0,0,0,4,8,0.01,0.0,0.9,0.07,normal
0.517,tcp,http,SF,494,1532,0,0,0,0,0,0,12,8,0.03,0.05,0.97,0.07,normal
0.613,tcp,smtp,SF,923,7400,0,0,0,0,0,0,10,8,0.04,0.04,0.88,0.13,normal
44.07,tcp,telnet,SF,2302,8870,0,0,4,0,3,1,1,1,0.0,0.0,1.0,0.0,U2R
1.079,tcp,http,SF,1273,1544,0,0,0,0,0,0,5,7,0.04,0.03,1.0,0.12,normal
0.591,tcp,http,SF,590,4090,0,0,0,0,0,0,4,2,0.02,0.04,0.97,0.08,normal
0.011,tcp,finger,SF,4,0,0,0,0,0,0,0,214,2,0.05,0.49,0.09,0.78,Probe
61.42,tcp,ssh,SF,5655,27215,0,0,0,0,0,0,3,3,0.0,0.0,1.0,0.0,normal
0.0,tcp,private,S0,0,0,0,0,0,0,0,0,433,3,0.93,0.05,0.07,0.15,DoS
0.0,tcp,private,REJ,0,0,0,0,0,0,0,0,199,20,0.98,0.04,0.14,0.2,DoS
92.09,tcp,ssh,SF,1677,33352,0,0,0,0,0,0,1,2,0.0,0.0,1.0,0.0,normal
54.15,tcp,ssh,SF,11073,31285,0,0,0,0,0,0,1,2,0.0,0.0,1.0,0.0,normal
0.035,tcp,telnet,REJ,57,0,0,0,0,0,0,0,137,2,0.19,0.44,0.1,0.8,Probe
0.122,tcp,http,SF,153,7442,0,0,0,0,0,0,11,7,0.04,0.03,0.91,0.09,normal
38.97,tcp,ssh,SF,4477,4806,0,0,0,0,0,0,2,1,0.0,0.0,1.0,0.0,normal
0.0,tcp,private,S0,0,0,0,0,0,0,0,0,319,18,0.94,0.01,0.08,0.11,DoS
75.93,tcp,ssh,SF,3597,26656,0,0,0,0,0,0,1,1,0.0,0.0,1.0,0.0,normal
0.0,tcp,private,REJ,0,0,0,0,0,0,0,0,169,15,0.87,0.03,0.08,0.15,DoS
0.888,tcp,dns,SF,252,4466,0,0,0,0,0,0,7,1,0.01,0.02,0.94,0.12,normal
0.417,tcp,http,SF,475,5093,0,0,0,0,0,0,2,6,0.01,0.01,0.96,0.13,normal
0.642,tcp,smtp,SF,278,719,0,0,0,0,0,0,1,3,0.02,0.02,0.99,0.1,normal
0.718,tcp,dns,SF,1778,1640,0,0,0,0,0,0,1,1,0.03,0.02,0.85,0.02,normal
0.784,tcp,http,SF,1126,5820,0,0,0,0,0,0,8,8,0.0,0.01,0.92,0.12,normal
0.405,tcp,http,SF,1098,4675,0,0,0,0,0,0,2,4,0.02,0.03,0.89,0.08,normal
8.33,tcp,telnet,SF,547,677,0,0,2,2,0,0,4,4,0.0,0.0,1.0,0.0,R2L
0.0,tcp,private,REJ,0,0,0,0,0,0,0,0,215,10,0.87,0.04,0.06,0.15,DoS
0.303,tcp,http,SF,1273,5869,0,0,0,0,0,0,5,4,0.04,0.03,0.99,0.07,normal
0.0,tcp,private,REJ,0,0,0,0,0,0,0,0,180,6,0.92,0.1,0.19,0.1,DoS
17.71,tcp,ssh,SF,4200,7032,0,0,0,0,0,0,1,2,0.0,0.0,1.0,0.0,normal
0.018,icmp,private,REJ,1,0,0,0,0,0,0,0,95,2,0.1,0.48,0.04,0.8,Probe
0.0,tcp,private,S0,0,0,0,0,0,0,0,0,265,15,0.9,0.06,0.11,0.08,DoS
0.0,tcp,private,REJ,0,0,0,0,0,0,0,0,389,14,0.91,0.04,0.18,0.09,DoS
0.0,tcp,private,S0,0,0,0,0,0,0,0,0,239,22,0.89,0.09,0.14,0.08,DoS
0.047,tcp,eco_i,SF,76,0,0,0,0,0,0,0,163,1,0.16,0.7,0.01,0.94,Probe
1.067,tcp,http,SF,585,3418,0,0,0,0,0,0,1,4,0.01,0.02,0.91,0.06,normal
49.65,tcp,telnet,SF,3295,3208,0,0,5,0,1,1,1,1,0.0,0.0,1.0,0.0,U2R
1.138,tcp,http,SF,1617,4452,0,0,0,0,0,0,7,8,0.02,0.03,0.99,0.14,normal
22.55,tcp,telnet,SF,1755,7728,0,0,6,0,2,1,1,1,0.0,0.0,1.0,0.0,U2R
0.816,tcp,http,SF,1127,1270,0,0,0,0,0,0,10,5,0.05,0.02,0.93,0.08,normal
0.0,tcp,private,REJ,0,0,0,0,0,0,0,0,296,19,0.89,0.06,0.07,0.2,DoS
0.665,tcp,http,SF,240,3272,0,0,0,0,0,0,3,6,0.02,0.01,0.9,0.12,normal
0.033,icmp,telnet,RSTO,42,0,0,0,0,0,0,0,108,1,0.13,0.78,0.03,0.95,Probe
0.0,tcp,private,REJ,0,0,0,0,0,0,0,0,269,20,0.89,0.04,0.15,0.17,DoS
5.84,tcp,ftp,SF,134,634,0,0,3,5,0,0,4,1,0.0,0.0,1.0,0.0,R2L
0.0,tcp,private,REJ,0,0,0,0,0,0,0,0,223,13,0.89,0.07,0.19,0.14,DoS
0.003,tcp,finger,SF,23,0,0,0,0,0,0,0,115,4,0.12,0.84,0.07,0.86,Probe
0.484,tcp,http,SF,1184,6623,0,0,0,0,0,0,2,5,0.02,0.03,0.97,0.0,normal
45.96,tcp,telnet,SF,2447,8366,0,0,4,0,1,1,1,1,0.0,0.0,1.0,0.0,U2R
0.0,tcp,private,S0,0,0,0,0,0,0,0,0,203,16,0.97,0.08,0.08,0.06,DoS
0.0,tcp,private,S0,0,0,0,0,0,0,0,0,203,8,0.85,0.04,0.16,0.18,DoS
0.027,icmp,http,RSTO,15,0,0,0,0,0,0,0,139,3,0.05,0.61,0.01,0.78,Probe
0.77,tcp,http,SF,821,7623,0,0,0,0,0,0,5,1,0.05,0.0,0.94,0.09,normal
0.937,tcp,smtp,SF,389,3291,0,0,0,0,0,0,4,3,0.01,0.0,0.93,0.08,normal
0.0,tcp,private,S0,0,0,0,0,0,0,0,0,375,14,0.97,0.09,0.11,0.07,DoS
0.589,tcp,http,SF,700,5605,0,0,0,0,0,0,11,6,0.03,0.01,0.98,0.1,normal
0.7,tcp,http,SF,667,5666,0,0,0,0,0,0,5,5,0.03,0.0,0.92,0.08,normal
0.461,tcp,http,SF,1071,3154,0,0,0,0,0,0,5,10,0.02,0.03,0.87,0.04,normal
30.07,tcp,telnet,SF,2729,4777,0,0,2,0,3,1,1,1,0.0,0.0,1.0,0.0,U2R
0.011,tcp,dns,SF,564,6530,0,0,0,0,0,0,7,7,0.04,0.02,0.92,0.01,normal
0.243,tcp,dns,SF,491,4559,0,0,0,0,0,0,9,9,0.01,0.03,0.96,0.09,normal
0.0,tcp,private,REJ,0,0,0,0,0,0,0,0,250,4,0.93,0.08,0.14,0.12,DoS
0.029,icmp,telnet,RSTO,50,0,0,0,0,0,0,0,153,1,0.13,0.88,0.02,0.89,Probe
0.0,tcp,private,S0,0,0,0,0,0,0,0,0,221,15,0.91,0.02,0.13,0.17,DoS
6.08,tcp,telnet,SF,447,633,0,0,1,3,0,0,1,3,0.0,0.0,1.0,0.0,R2L
0.0,tcp,private,S0,0,0,0,0,0,0,0,0,474,13,0.95,0.02,0.15,0.15,DoS
0.043,icmp,http,REJ,51,0,0,0,0,0,0,0,195,3,0.17,0.61,0.09,0.75,Probe
0.924,tcp,http,SF,162,4744,0,0,0,0,0,0,10,1,0.01,0.01,0.92,0.02,normal
112.6,tcp,ssh,SF,3451,3302,0,0,0,0,0,0,3,1,0.0,0.0,1.0,0.0,normal
5.83,tcp,ssh,SF,238,412,0,0,4,6,0,0,4,4,0.0,0.0,1.0,0.0,R2L
107.16,tcp,ssh,SF,2139,10641,0,0,0,0,0,0,2,1,0.0,0.0,1.0,0.0,normal
0.0,tcp,private,S0,0,0,0,0,0,0,0,0,276,17,0.94,0.04,0.11,0.07,DoS
0.592,tcp,smtp,SF,784,4488,0,0,0,0,0,0,11,10,0.02,0.04,0.89,0.13,normal
0.011,icmp,http,SF,99,0,0,0,0,0,0,0,203,3,0.07,0.55,0.08,0.78,Probe
0.595,tcp,http,SF,1398,7511,0,0,0,0,0,0,9,5,0.01,0.02,0.96,0.06,normal
0.814,tcp,http,SF,582,1386,0,0,0,0,0,0,1,10,0.01,0.03,0.93,0.08,normal
0.754,tcp,dns,SF,482,6433,0,0,0,0,0,0,5,8,0.01,0.04,0.9,0.04,normal
0.88,tcp,http,SF,717,7973,0,0,0,0,0,0,6,6,0.01,0.04,0.97,0.06,normal
0.584,tcp,http,SF,1623,3463,0,0,0,0,0,0,10,4,0.03,0.01,0.89,0.01,normal
9.26,tcp,ssh,SF,312,531,0,0,2,5,0,0,4,1,0.0,0.0,1.0,0.0,R2L
0.14,tcp,http,SF,1524,7320,0,0,0,0,0,0,2,2,0.04,0.03,0.85,0.02,normal
0.0,tcp,private,REJ,0,0,0,0,0,0,0,0,228,7,0.98,0.1,0.17,0.11,DoS
0.122,tcp,smtp,SF,492,7434,0,0,0,0,0,0,11,1,0.02,0.01,0.85,0.12,normal
11.8,tcp,ssh,SF,504,473,0,0,1,2,0,0,4,1,0.0,0.0,1.0,0.0,R2L
0.419,tcp,http,SF,656,3440,0,0,0,0,0,0,6,4,0.01,0.03,0.9,0.13,normal
8.2,tcp,ssh,SF,384,342,0,0,3,6,0,0,1,5,0.0,0.0,1.0,0.0,R2L
0.975,tcp,http,SF,1500,2997,0,0,0,0,0,0,4,1,0.01,0.05,0.89,0.08,normal
0.0,tcp,private,S0,0,0,0,0,0,0,0,0,155,6,0.86,0.1,0.17,0.16,DoS
0.0,tcp,private,REJ,0,0,0,0,0,0,0,0,426,9,0.96,0.03,0.17,0.09,DoS
111.61,tcp,ssh,SF,4581,28331,0,0,0,0,0,0,3,2,0.0,0.0,1.0,0.0,normal
0.154,tcp,http,SF,1028,2107,0,0,0,0,0,0,12,1,0.05,0.04,0.87,0.06,normal
0.0,tcp,private,S0,0,0,0,0,0,0,0,0,454,13,0.99,0.05,0.19,0.06,DoS
1.067,tcp,http,SF,451,6892,0,0,0,0,0,0,8,1,0.04,0.04,0.88,0.06,normal
0.039,tcp,finger,REJ,26,0,0,0,0,0,0,0,113,4,0.01,0.77,0.08,0.86,Probe
0.287,tcp,http,SF,1581,1791,0,0,0,0,0,0,8,8,0.0,0.01,0.96,0.09,normal
0.135,tcp,http,SF,277,5572,0,0,0,0,0,0,9,1,0.01,0.0,0.9,0.1,normal
0.545,tcp,http,SF,447,7058,0,0,0,0,0,0,4,6,0.01,0.05,0.96,0.13,normal
0.918,tcp,dns,SF,1738,918,0,0,0,0,0,0,9,3,0.04,0.03,0.88,0.04,normal
0.241,tcp,http,SF,809,1350,0,0,0,0,0,0,2,5,0.05,0.03,0.87,0.14,normal
16.25,tcp,ssh,SF,3910,19215,0,0,0,0,0,0,3,3,0.0,0.0,1.0,0.0,normal
0.325,tcp,http,SF,631,2188,0,0,0,0,0,0,10,5,0.04,0.04,0.94,0.1,normal
0.323,tcp,http,SF,386,4530,0,0,0,0,0,0,4,7,0.01,0.01,0.93,0.1,normal
0.619,tcp,dns,SF,1548,4659,0,0,0,0,0,0,4,1,0.04,0.0,0.86,0.05,normal
0.0,tcp,private,REJ,0,0,0,0,0,0,0,0,273,7,0.88,0.06,0.08,0.18,DoS
0.941,tcp,dns,SF,1637,8251,0,0,0,0,0,0,8,6,0.04,0.0,0.97,0.1,normal
0.279,tcp,http,SF,1163,5122,0,0,0,0,0,0,2,7,0.02,0.02,0.92,0.04,normal
0.098,tcp,http,SF,1116,1802,0,0,0,0,0,0,4,10,0.0,0.01,0.95,0.02,normal
0.685,tcp,dns,SF,275,2033,0,0,0,0,0,0,8,4,0.01,0.02,0.86,0.09,normal
0.027,tcp,finger,SF,77,0,0,0,0,0,0,0,140,2,0.08,0.85,0.1,0.85,Probe
0.029,tcp,private,RSTO,29,0,0,0,0,0,0,0,156,4,0.02,0.78,0.01,0.9,Probe
11.08,tcp,ftp,SF,488,649,0,0,3,4,0,0,5,4,0.0,0.0,1.0,0.0,R2L
0.602,tcp,smtp,SF,380,551,0,0,0,0,0,0,3,6,0.0,0.05,0.92,0.12,normal
0.03,tcp,finger,SF,32,0,0,0,0,0,0,0,98,3,0.19,0.78,0.01,0.81,Probe
0.0,tcp,private,S0,0,0,0,0,0,0,0,0,431,17,0.88,0.05,0.16,0.09,DoS
0.0,tcp,private,REJ,0,0,0,0,0,0,0,0,303,7,1.0,0.0,0.15,0.05,DoS
41.02,tcp,ssh,SF,4673,9270,0,0,0,0,0,0,2,1,0.0,0.0,1.0,0.0,normal
6.43,tcp,telnet,SF,195,232,0,0,4,3,0,0,2,3,0.0,0.0,1.0,0.0,R2L
0.008,icmp,telnet,REJ,9,0,0,0,0,0,0,0,102,1,0.14,0.75,0.03,0.82,Probe
119.53,tcp,ssh,SF,10457,11550,0,0,0,0,0,0,2,3,0.0,0.0,1.0,0.0,normal
72.13,tcp,ssh,SF,5388,16913,0,0,0,0,0,0,2,1,0.0,0.0,1.0,0.0,normal
0.483,tcp,http,SF,1304,1093,0,0,0,0,0,0,3,8,0.02,0.05,0.91,0.14,normal
0.01,tcp,eco_i,RSTO,78,0,0,0,0,0,0,0,134,3,0.12,0.5,0.01,0.96,Probe
0.869,tcp,http,SF,1729,2476,0,0,0,0,0,0,8,8,0.0,0.01,0.87,0.07,normal
0.007,tcp,telnet,SF,90,0,0,0,0,0,0,0,83,4,0.1,0.58,0.01,0.69,Probe
0.74,tcp,http,SF,1487,5183,0,0,0,0,0,0,3,6,0.0,0.03,0.93,0.12,normal
0.0,tcp,private,S0,0,0,0,0,0,0,0,0,141,8,0.89,0.04,0.07,0.05,DoS
29.8,tcp,telnet,SF,2440,3238,0,0,4,0,4,1,1,1,0.0,0.0,1.0,0.0,U2R
1.067,tcp,http,SF,1744,2028,0,0,0,0,0,0,6,8,0.03,0.03,0.85,0.04,normal
0.0,tcp,private,REJ,0,0,0,0,0,0,0,0,357,5,0.89,0.0,0.05,0.08,DoS
0.0,tcp,private,REJ,0,0,0,0,0,0,0,0,345,16,0.85,0.03,0.05,0.08,DoS
0.001,tcp,private,RSTO,17,0,0,0,0,0,0,0,185,1,0.19,0.78,0.01,0.87,Probe
0.367,tcp,http,SF,726,5070,0,0,0,0,0,0,2,9,0.0,0.01,0.97,0.03,normal
0.0,tcp,private,REJ,0,0,0,0,0,0,0,0,393,25,0.92,0.01,0.15,0.08,DoS
0.166,tcp,dns,SF,422,1347,0,0,0,0,0,0,7,10,0.04,0.03,0.97,0.11,normal
0.0,tcp,private,S0,0,0,0,0,0,0,0,0,396,25,0.86,0.08,0.16,0.18,DoS
81.27,tcp,ssh,SF,2406,15635,0,0,0,0,0,0,1,2,0.0,0.0,1.0,0.0,normal
0.793,tcp,smtp,SF,1122,7108,0,0,0,0,0,0,4,8,0.04,0.01,0.93,0.05,normal
0.008,icmp,finger,REJ,71,0,0,0,0,0,0,0,150,3,0.07,0.59,0.03,0.77,Probe
1.053,tcp,smtp,SF,764,6474,0,0,0,0,0,0,12,1,0.0,0.03,0.97,0.03,normal
0.273,tcp,dns,SF,1709,7130,0,0,0,0,0,0,9,10,0.04,0.04,0.98,0.09,normal
14.82,tcp,ftp,SF,470,744,0,0,1,6,0,0,3,1,0.0,0.0,1.0,0.0,R2L
1.019,tcp,http,SF,421,509,0,0,0,0,0,0,3,3,0.04,0.03,1.0,0.12,normal
1.103,tcp,dns,SF,428,2248,0,0,0,0,0,0,1,3,0.05,0.01,0.98,0.11,normal
0.0,tcp,private,REJ,0,0,0,0,0,0,0,0,149,3,0.95,0.02,0.06,0.15,DoS
1.135,tcp,dns,SF,1148,4432,0,0,0,0,0,0,7,8,0.03,0.04,0.97,0.11,normal
0.108,tcp,http,SF,733,1390,0,0,0,0,0,0,1,9,0.02,0.02,0.93,0.01,normal
10.0,tcp,ftp,SF,586,184,0,0,2,6,0,0,1,1,0.0,0.0,1.0,0.0,R2L
0.215,tcp,http,SF,1010,5577,0,0,0,0,0,0,1,3,0.04,0.04,0.98,0.12,normal
12.66,tcp,ftp,SF,320,175,0,0,2,6,0,0,4,3,0.0,0.0,1.0,0.0,R2L
1.17,tcp,smtp,SF,1224,3045,0,0,0,0,0,0,1,9,0.04,0.0,0.97,0.14,normal
0.875,tcp,smtp,SF,972,7880,0,0,0,0,0,0,1,3,0.01,0.03,0.98,0.02,normal
0.93,tcp,http,SF,1527,2739,0,0,0,0,0,0,2,4,0.01,0.02,0.93,0.14,normal
0.662,tcp,http,SF,1061,2923,0,0,0,0,0,0,12,3,0.02,0.0,0.93,0.02,normal
0.0,tcp,private,S0,0,0,0,0,0,0,0,0,145,6,0.86,0.06,0.14,0.19,DoS
107.54,tcp,ssh,SF,4459,17740,0,0,0,0,0,0,3,2,0.0,0.0,1.0,0.0,normal
52.5,tcp,ssh,SF,2495,5557,0,0,0,0,0,0,1,3,0.0,0.0,1.0,0.0,normal
1.159,tcp,smtp,SF,971,3597,0,0,0,0,0,0,2,6,0.03,0.01,0.98,0.09,normal
0.0,tcp,private,S0,0,0,0,0,0,0,0,0,422,16,0.88,0.07,0.07,0.13,DoS
0.176,tcp,dns,SF,1474,3580,0,0,0,0,0,0,6,2,0.02,0.02,0.98,0.08,normal
1.1,tcp,dns,SF,1393,1142,0,0,0,0,0,0,3,4,0.0,0.03,0.86,0.1,normal
109.19,tcp,ssh,SF,2887,10344,0,0,0,0,0,0,2,1,0.0,0.0,1.0,0.0,normal
0.412,tcp,smtp,SF,1709,1715,0,0,0,0,0,0,7,3,0.05,0.01,0.99,0.08,normal
0.0,tcp,private,S0,0,0,0,0,0,0,0,0,435,7,0.96,0.07,0.09,0.07,DoS
23.64,tcp,ssh,SF,4348,34710,0,0,0,0,0,0,2,1,0.0,0.0,1.0,0.0,normal
0.345,tcp,http,SF,215,5275,0,0,0,0,0,0,5,6,0.05,0.03,0.91,0.03,normal
0.852,tcp,smtp,SF,1242,3631,0,0,0,0,0,0,1,6,0.04,0.05,0.93,0.03,normal
0.138,tcp,smtp,SF,644,1041,0,0,0,0,0,0,9,5,0.01,0.01,0.86,0.02,normal
29.26,tcp,telnet,SF,1808,5021,0,0,2,0,1,1,1,1,0.0,0.0,1.0,0.0,U2R
0.0,tcp,private,S0,0,0,0,0,0,0,0,0,283,6,0.85,0.06,0.15,0.19,DoS
61.38,tcp,ssh,SF,11592,23331,0,0,0,0,0,0,3,2,0.0,0.0,1.0,0.0,normal
0.049,tcp,http,SF,441,2553,0,0,0,0,0,0,3,3,0.03,0.04,0.97,0.05,normal
0.0,tcp,private,REJ,0,0,0,0,0,0,0,0,362,5,0.86,0.0,0.08,0.18,DoS
0.0,tcp,private,S0,0,0,0,0,0,0,0,0,178,19,0.91,0.08,0.09,0.14,DoS
0.0,tcp,private,REJ,0,0,0,0,0,0,0,0,432,6,0.94,0.07,0.17,0.12,DoS
0.478,tcp,http,SF,1649,2179,0,0,0,0,0,0,2,6,0.02,0.0,0.9,0.09,normal
1.163,tcp,http,SF,1244,933,0,0,0,0,0,0,5,8,0.04,0.04,0.98,0.14,normal
0.366,tcp,dns,SF,882,3626,0,0,0,0,0,0,6,9,0.02,0.04,0.94,0.13,normal
0.781,tcp,http,SF,1131,8236,0,0,0,0,0,0,6,2,0.01,0.02,0.92,0.14,normal
1.014,tcp,http,SF,686,4092,0,0,0,0,0,0,10,5,0.0,0.02,0.86,0.07,normal
0.732,tcp,http,SF,330,2641,0,0,0,0,0,0,1,6,0.05,0.01,0.93,0.07,normal
0.311,tcp,dns,SF,1634,7980,0,0,0,0,0,0,4,6,0.03,0.0,0.92,0.02,normal
0.766,tcp,http,SF,1399,1158,0,0,0,0,0,0,1,8,0.04,0.04,0.98,0.09,normal
1.148,tcp,http,SF,1213,7771,0,0,0,0,0,0,10,7,0.01,0.01,0.93,0.14,normal
0.042,tcp,eco_i,SF,73,0,0,0,0,0,0,0,128,1,0.08,0.82,0.08,0.65,Probe
0.056,tcp,http,SF,1675,440,0,0,0,0,0,0,9,7,0.05,0.0,0.95,0.02,normal
0.157,tcp,http,SF,1507,2357,0,0,0,0,0,0,3,2,0.01,0.04,0.98,0.05,normal
0.018,tcp,private,RSTO,49,0,0,0,0,0,0,0,155,3,0.19,0.48,0.01,0.8,Probe
0.003,tcp,private,SF,57,0,0,0,0,0,0,0,136,1,0.03,0.84,0.04,0.79,Probe
0.0,tcp,private,S0,0,0,0,0,0,0,0,0,341,13,0.91,0.08,0.13,0.05,DoS
0.021,icmp,eco_i,REJ,1,0,0,0,0,0,0,0,113,4,0.09,0.7,0.03,0.85,Probe
94.46,tcp,ssh,SF,11398,10634,0,0,0,0,0,0,1,3,0.0,0.0,1.0,0.0,normal
0.0,tcp,private,S0,0,0,0,0,0,0,0,0,163,2,0.85,0.05,0.12,0.12,DoS
0.0,tcp,private,REJ,0,0,0,0,0,0,0,0,400,22,0.92,0.05,0.2,0.17,DoS
0.0,tcp,private,REJ,0,0,0,0,0,0,0,0,434,11,0.89,0.0,0.07,0.18,DoS
0.734,tcp,dns,SF,1091,6130,0,0,0,0,0,0,4,4,0.02,0.03,0.98,0.04,normal
0.0,tcp,private,S0,0,0,0,0,0,0,0,0,305,3,0.88,0.05,0.05,0.12,DoS
0.0,tcp,private,S0,0,0,0,0,0,0,0,0,472,19,0.88,0.05,0.1,0.17,DoS
74.52,tcp,ssh,SF,6630,22781,0,0,0,0,0,0,3,2,0.0,0.0,1.0,0.0,normal
2.94,tcp,ftp,SF,279,373,0,0,2,6,0,0,4,4,0.0,0.0,1.0,0.0,R2L
6.25,tcp,ftp,SF,185,585,0,0,3,5,0,0,5,3,0.0,0.0,1.0,0.0,R2L
0.863,tcp,http,SF,1014,7465,0,0,0,0,0,0,4,9,0.02,0.03,0.93,0.12,normal
1.15,tcp,http,SF,1279,3813,0,0,0,0,0,0,12,8,0.02,0.03,0.91,0.12,normal
0.038,tcp,http,REJ,68,0,0,0,0,0,0,0,192,3,0.05,0.78,0.03,0.79,Probe
0.014,icmp,eco_i,REJ,4,0,0,0,0,0,0,0,193,1,0.18,0.83,0.0,0.93,Probe
1.151,tcp,smtp,SF,1338,585,0,0,0,0,0,0,1,6,0.03,0.05,0.89,0.06,normal
0.035,tcp,http,SF,1157,2346,0,0,0,0,0,0,5,10,0.01,0.01,0.92,0.0,normal
0.563,tcp,http,SF,1553,7367,0,0,0,0,0,0,1,9,0.03,0.03,0.96,0.1,normal
0.805,tcp,http,SF,1507,3642,0,0,0,0,0,0,10,6,0.02,0.0,0.98,0.05,normal
0.201,tcp,http,SF,1302,2555,0,0,0,0,0,0,4,2,0.01,0.02,0.98,0.13,normal
0.0,tcp,private,S0,0,0,0,0,0,0,0,0,415,6,0.95,0.09,0.13,0.19,DoS
0.203,tcp,http,SF,934,1955,0,0,0,0,0,0,9,6,0.05,0.01,0.95,0.1,normal
0.0,tcp,private,REJ,0,0,0,0,0,0,0,0,310,19,0.93,0.05,0.14,0.12,DoS
0.486,tcp,dns,SF,370,4331,0,0,0,0,0,0,11,2,0.02,0.01,0.97,0.09,normal
8.34,tcp,ssh,SF,368,275,0,0,4,6,0,0,3,2,0.0,0.0,1.0,0.0,R2L
4.19,tcp,ssh,SF,308,414,0,0,3,5,0,0,2,4,0.0,0.0,1.0,0.0,R2L
0.0,tcp,private,S0,0,0,0,0,0,0,0,0,296,8,0.86,0.05,0.19,0.18,DoS
0.022,icmp,telnet,RSTO,88,0,0,0,0,0,0,0,113,2,0.09,0.72,0.01,0.75,Probe
10.46,tcp,ssh,SF,228,530,0,0,3,3,0,0,3,4,0.0,0.0,1.0,0.0,R2L
1.148,tcp,http,SF,559,3384,0,0,0,0,0,0,4,3,0.03,0.03,0.95,0.1,normal
0.0,tcp,private,S0,0,0,0,0,0,0,0,0,373,5,0.86,0.06,0.06,0.17,DoS
6.22,tcp,ssh,SF,11048,20264,0,0,0,0,0,0,2,1,0.0,0.0,1.0,0.0,normal
0.577,tcp,http,SF,1281,443,0,0,0,0,0,0,10,4,0.02,0.0,0.94,0.1,normal
0.379,tcp,http,SF,406,3124,0,0,0,0,0,0,11,4,0.0,0.0,0.86,0.06,normal
1.052,tcp,smtp,SF,1283,2964,0,0,0,0,0,0,4,9,0.02,0.02,0.87,0.04,normal
0.4,tcp,smtp,SF,515,4491,0,0,0,0,0,0,4,5,0.01,0.02,0.94,0.03,normal
0.0,tcp,private,REJ,0,0,0,0,0,0,0,0,392,14,0.91,0.1,0.1,0.09,DoS
82.33,tcp,ssh,SF,1506,29126,0,0,0,0,0,0,2,1,0.0,0.0,1.0,0.0,normal
0.069,tcp,http,SF,844,6977,0,0,0,0,0,0,5,8,0.01,0.03,1.0,0.09,normal
1.176,tcp,http,SF,1682,7419,0,0,0,0,0,0,6,7,0.01,0.01,0.9,0.12,normal
0.27,tcp,smtp,SF,723,450,0,0,0,0,0,0,1,1,0.05,0.05,0.86,0.07,normal
1.052,tcp,http,SF,1770,5035,0,0,0,0,0,0,1,4,0.05,0.04,0.98,0.02,normal
118.11,tcp,ssh,SF,10216,15575,0,0,0,0,0,0,2,3,0.0,0.0,1.0,0.0,normal
0.0,tcp,private,REJ,0,0,0,0,0,0,0,0,199,14,0.98,0.08,0.15,0.19,DoS
21.45,tcp,ssh,SF,5565,28541,0,0,0,0,0,0,1,1,0.0,0.0,1.0,0.0,normal
0.504,tcp,dns,SF,1208,6814,0,0,0,0,0,0,11,9,0.04,0.05,0.97,0.01,normal
0.0,tcp,private,REJ,0,0,0,0,0,0,0,0,252,24,0.92,0.04,0.12,0.07,DoS
0.116,tcp,smtp,SF,1239,3178,0,0,0,0,0,0,8,9,0.02,0.01,0.93,0.11,normal
1.138,tcp,http,SF,770,2153,0,0,0,0,0,0,10,8,0.01,0.01,0.86,0.08,normal
0.969,tcp,http,SF,1613,3358,0,0,0,0,0,0,5,3,0.01,0.02,0.92,0.11,normal
0.176,tcp,dns,SF,1380,3445,0,0,0,0,0,0,8,5,0.02,0.0,0.96,0.15,normal
0.168,tcp,http,SF,1143,4739,0,0,0,0,0,0,10,9,0.03,0.02,0.89,0.07,normal
13.18,tcp,telnet,SF,278,791,0,0,1,6,0,0,5,2,0.0,0.0,1.0,0.0,R2L
75.33,tcp,ssh,SF,4816,32334,0,0,0,0,0,0,2,2,0.0,0.0,1.0,0.0,normal
26.07,tcp,telnet,SF,1623,5654,0,0,2,0,1,1,1,1,0.0,0.0,1.0,0.0,U2R
0.001,tcp,private,REJ,38,0,0,0,0,0,0,0,195,2,0.2,0.68,0.06,0.93,Probe
0.0,tcp,private,S0,0,0,0,0,0,0,0,0,236,16,0.91,0.04,0.1,0.15,DoS
0.666,tcp,dns,SF,580,5978,0,0,0,0,0,0,4,8,0.03,0.02,0.88,0.12,normal
31.99,tcp,ssh,SF,8005,22077,0,0,0,0,0,0,3,1,0.0,0.0,1.0,0.0,normal
0.034,icmp,private,RSTO,67,0,0,0,0,0,0,0,91,2,0.13,0.65,0.05,0.73,Probe
0.037,tcp,finger,SF,56,0,0,0,0,0,0,0,156,2,0.13,0.56,0.07,0.75,Probe
0.243,tcp,http,SF,803,6109,0,0,0,0,0,0,10,8,0.01,0.01,0.95,0.14,normal
0.289,tcp,http,SF,804,4002,0,0,0,0,0,0,10,3,0.04,0.03,0.9,0.07,normal
0.688,tcp,smtp,SF,978,8499,0,0,0,0,0,0,3,7,0.03,0.0,0.85,0.01,normal
35.78,tcp,ssh,SF,9296,3482,0,0,0,0,0,0,1,3,0.0,0.0,1.0,0.0,normal
0.819,tcp,http,SF,1345,1054,0,0,0,0,0,0,11,7,0.04,0.02,0.88,0.07,normal
0.863,tcp,http,SF,254,7699,0,0,0,0,0,0,9,3,0.03,0.04,0.94,0.1,normal
0.0,tcp,private,S0,0,0,0,0,0,0,0,0,317,12,0.99,0.1,0.16,0.19,DoS
0.854,tcp,http,SF,1776,3213,0,0,0,0,0,0,11,7,0.01,0.04,0.92,0.12,normal
48.85,tcp,telnet,SF,3571,6833,0,0,6,0,2,1,1,1,0.0,0.0,1.0,0.0,U2R
0.027,tcp,private,RSTO,3,0,0,0,0,0,0,0,148,4,0.16,0.85,0.02,0.85,Probe
0.03,tcp,finger,REJ,44,0,0,0,0,0,0,0,216,3,0.1,0.87,0.01,1.0,Probe
0.476,tcp,smtp,SF,1411,3385,0,0,0,0,0,0,8,1,0.02,0.01,0.96,0.09,normal
0.699,tcp,http,SF,285,4585,0,0,0,0,0,0,1,8,0.04,0.05,0.94,0.03,normal
53.41,tcp,ssh,SF,8646,13001,0,0,0,0,0,0,1,3,0.0,0.0,1.0,0.0,normal
0.567,tcp,http,SF,1749,422,0,0,0,0,0,0,5,8,0.01,0.01,0.95,0.07,normal
0.646,tcp,smtp,SF,1634,7092,0,0,0,0,0,0,9,9,0.01,0.02,0.93,0.02,normal
0.048,icmp,finger,RSTO,61,0,0,0,0,0,0,0,117,2,0.03,0.81,0.05,0.74,Probe
0.034,tcp,http,SF,1234,935,0,0,0,0,0,0,2,2,0.0,0.04,0.98,0.01,normal
0.899,tcp,http,SF,1437,6352,0,0,0,0,0,0,5,10,0.02,0.03,0.9,0.06,normal
0.495,tcp,http,SF,1782,7064,0,0,0,0,0,0,6,1,0.03,0.01,0.97,0.12,normal
6.04,tcp,telnet,SF,478,161,0,0,1,2,0,0,5,3,0.0,0.0,1.0,0.0,R2L
0.883,tcp,smtp,SF,917,5029,0,0,0,0,0,0,4,5,0.04,0.02,0.87,0.04,normal
0.643,tcp,http,SF,449,7430,0,0,0,0,0,0,6,1,0.04,0.04,0.9,0.08,normal
0.0,tcp,private,S0,0,0,0,0,0,0,0,0,353,10,0.98,0.02,0.07,0.13,DoS
1.112,tcp,dns,SF,531,8191,0,0,0,0,0,0,4,1,0.05,0.04,0.93,0.14,normal
3.79,tcp,ftp,SF,137,475,0,0,1,3,0,0,3,2,0.0,0.0,1.0,0.0,R2L
0.355,tcp,http,SF,1426,5758,0,0,0,0,0,0,6,10,0.02,0.04,0.93,0.1,normal
0.509,tcp,http,SF,1780,4498,0,0,0,0,0,0,7,8,0.04,0.04,0.85,0.1,normal
0.0,tcp,private,S0,0,0,0,0,0,0,0,0,301,2,0.99,0.05,0.08,0.05,DoS
0.781,tcp,http,SF,1593,2990,0,0,0,0,0,0,5,10,0.04,0.03,0.99,0.13,normal
0.037,icmp,http,REJ,77,0,0,0,0,0,0,0,208,1,0.01,0.54,0.09,1.0,Probe
0.42,tcp,dns,SF,1523,3200,0,0,0,0,0,0,1,6,0.02,0.05,0.98,0.09,normal
7.56,tcp,telnet,SF,451,431,0,0,1,5,0,0,2,1,0.0,0.0,1.0,0.0,R2L
0.88,tcp,smtp,SF,704,2221,0,0,0,0,0,0,12,9,0.01,0.04,0.94,0.1,normal
1.145,tcp,http,SF,729,5917,0,0,0,0,0,0,7,6,0.02,0.01,0.92,0.04,normal
6.71,tcp,ssh,SF,535,250,0,0,1,6,0,0,2,4,0.0,0.0,1.0,0.0,R2L
0.621,tcp,http,SF,1008,2242,0,0,0,0,0,0,12,10,0.04,0.03,0.87,0.14,normal
0.645,tcp,http,SF,316,3183,0,0,0,0,0,0,10,7,0.02,0.02,0.9,0.1,normal
9.55,tcp,telnet,SF,377,497,0,0,4,4,0,0,4,2,0.0,0.0,1.0,0.0,R2L
0.041,tcp,telnet,SF,64,0,0,0,0,0,0,0,90,1,0.08,0.9,0.03,0.73,Probe
88.58,tcp,ssh,SF,5649,14591,0,0,0,0,0,0,1,1,0.0,0.0,1.0,0.0,normal
30.1,tcp,telnet,SF,2911,4508,0,0,2,0,4,1,1,1,0.0,0.0,1.0,0.0,U2R
1.129,tcp,smtp,SF,962,7842,0,0,0,0,0,0,3,4,0.01,0.01,0.87,0.08,normal
7.37,tcp,ssh,SF,3253,19535,0,0,0,0,0,0,2,2,0.0,0.0,1.0,0.0,normal
0.0,tcp,private,REJ,0,0,0,0,0,0,0,0,224,18,0.95,0.02,0.08,0.18,DoS
1.056,tcp,http,SF,340,7005,0,0,0,0,0,0,6,3,0.05,0.03,0.96,0.04,normal
0.941,tcp,http,SF,964,2843,0,0,0,0,0,0,4,7,0.0,0.03,0.95,0.1,normal
0.0,tcp,private,REJ,0,0,0,0,0,0,0,0,259,13,0.95,0.06,0.13,0.09,DoS
0.0,tcp,private,S0,0,0,0,0,0,0,0,0,299,18,0.89,0.09,0.12,0.13,DoS
0.738,tcp,dns,SF,1065,3266,0,0,0,0,0,0,2,2,0.01,0.04,0.86,0.13,normal
0.0,tcp,private,S0,0,0,0,0,0,0,0,0,222,11,0.89,0.07,0.12,0.1,DoS
0.0,tcp,private,S0,0,0,0,0,0,0,0,0,375,17,0.92,0.01,0.18,0.15,DoS
27.12,tcp,telnet,SF,3738,3452,0,0,3,0,2,1,1,1,0.0,0.0,1.0,0.0,U2R
0.004,tcp,eco_i,SF,58,0,0,0,0,0,0,0,105,4,0.12,0.57,0.04,0.66,Probe
0.936,tcp,http,SF,996,5325,0,0,0,0,0,0,3,7,0.02,0.02,0.87,0.11,normal
0.0,tcp,private,S0,0,0,0,0,0,0,0,0,447,3,0.86,0.09,0.12,0.2,DoS
0.0,tcp,private,S0,0,0,0,0,0,0,0,0,423,18,0.89,0.01,0.18,0.07,DoS
0.038,icmp,eco_i,SF,17,0,0,0,0,0,0,0,210,4,0.14,0.58,0.03,0.93,Probe
1.78,tcp,telnet,SF,478,711,0,0,3,6,0,0,5,5,0.0,0.0,1.0,0.0,R2L
1.171,tcp,dns,SF,575,5860,0,0,0,0,0,0,12,9,0.03,0.04,0.89,0.05,normal
0.667,tcp,smtp,SF,1043,3209,0,0,0,0,0,0,1,1,0.04,0.02,0.95,0.01,normal
0.026,tcp,telnet,SF,97,0,0,0,0,0,0,0,189,1,0.13,0.75,0.07,0.77,Probe
1.092,tcp,http,SF,964,2563,0,0,0,0,0,0,7,10,0.0,0.04,0.97,0.09,normal
0.009,icmp,telnet,RSTO,99,0,0,0,0,0,0,0,139,4,0.03,0.55,0.02,0.74,Probe
0.41,tcp,http,SF,978,1534,0,0,0,0,0,0,4,6,0.04,0.03,0.93,0.04,normal
0.587,tcp,dns,SF,753,693,0,0,0,0,0,0,5,5,0.01,0.03,0.91,0.11,normal
0.939,tcp,http,SF,1179,2935,0,0,0,0,0,0,3,1,0.04,0.02,0.89,0.11,normal
50.03,tcp,ssh,SF,3982,8149,0,0,0,0,0,0,3,2,0.0,0.0,1.0,0.0,normal
0.0,tcp,private,S0,0,0,0,0,0,0,0,0,230,17,0.91,0.06,0.2,0.13,DoS
20.8,tcp,ssh,SF,7796,26137,0,0,0,0,0,0,3,2,0.0,0.0,1.0,0.0,normal
0.153,tcp,http,SF,309,2551,0,0,0,0,0,0,11,9,0.0,0.02,0.9,0.07,normal
0.0,tcp,private,S0,0,0,0,0,0,0,0,0,314,7,0.93,0.05,0.16,0.15,DoS
0.476,tcp,dns,SF,700,549,0,0,0,0,0,0,7,2,0.01,0.0,0.89,0.02,normal
0.014,icmp,http,SF,71,0,0,0,0,0,0,0,109,1,0.13,0.61,0.05,1.0,Probe
0.857,tcp,http,SF,1278,2324,0,0,0,0,0,0,10,8,0.04,0.04,0.88,0.08,normal
0.0,tcp,private,S0,0,0,0,0,0,0,0,0,255,11,0.98,0.01,0.07,0.09,DoS
0.575,tcp,http,SF,1132,5044,0,0,0,0,0,0,6,7,0.01,0.01,0.88,0.03,normal
0.0,tcp,private,S0,0,0,0,0,0,0,0,0,391,2,0.94,0.03,0.09,0.16,DoS
1.067,tcp,http,SF,1344,6040,0,0,0,0,0,0,7,5,0.01,0.0,0.99,0.13,normal
0.475,tcp,http,SF,725,894,0,0,0,0,0,0,2,8,0.05,0.02,0.93,0.01,normal
0.968,tcp,smtp,SF,459,8259,0,0,0,0,0,0,4,9,0.03,0.02,0.93,0.09,normal
0.373,tcp,http,SF,303,5561,0,0,0,0,0,0,12,10,0.02,0.0,0.89,0.14,normal
5.89,tcp,telnet,SF,219,244,0,0,2,4,0,0,4,5,0.0,0.0,1.0,0.0,R2L
0.939,tcp,dns,SF,226,7450,0,0,0,0,0,0,5,2,0.03,0.04,0.9,0.08,normal
0.0,tcp,private,S0,0,0,0,0,0,0,0,0,227,12,0.87,0.08,0.05,0.13,DoS
0.0,tcp,private,S0,0,0,0,0,0,0,0,0,350,23,0.94,0.1,0.16,0.14,DoS
1.127,tcp,dns,SF,235,935,0,0,0,0,0,0,5,5,0.03,0.03,0.95,0.01,normal
0.726,tcp,http,SF,1283,8060,0,0,0,0,0,0,3,7,0.02,0.01,0.94,0.03,normal
0.976,tcp,http,SF,351,6222,0,0,0,0,0,0,12,9,0.04,0.03,0.87,0.08,normal
0.03,icmp,telnet,RSTO,82,0,0,0,0,0,0,0,166,4,0.17,0.75,0.03,0.91,Probe
1.139,tcp,dns,SF,1675,7357,0,0,0,0,0,0,9,4,0.02,0.02,0.95,0.05,normal
0.055,tcp,http,SF,1653,7690,0,0,0,0,0,0,6,7,0.01,0.01,0.85,0.13,normal
22.19,tcp,telnet,SF,3620,3126,0,0,3,0,2,1,1,1,0.0,0.0,1.0,0.0,U2R
1.179,tcp,http,SF,1030,6000,0,0,0,0,0,0,12,10,0.02,0.04,0.93,0.14,normal
0.042,tcp,private,SF,9,0,0,0,0,0,0,0,135,2,0.16,0.68,0.08,0.92,Probe
0.023,icmp,http,RSTO,88,0,0,0,0,0,0,0,146,2,0.07,0.54,0.02,0.9,Probe
0.938,tcp,http,SF,180,5490,0,0,0,0,0,0,5,1,0.05,0.04,0.88,0.15,normal
0.316,tcp,http,SF,921,2572,0,0,0,0,0,0,5,8,0.01,0.02,0.94,0.14,normal
0.629,tcp,dns,SF,155,5573,0,0,0,0,0,0,2,8,0.05,0.03,0.98,0.01,normal
0.156,tcp,dns,SF,1339,6079,0,0,0,0,0,0,3,2,0.01,0.01,0.91,0.04,normal
11.09,tcp,ftp,SF,414,625,0,0,1,6,0,0,1,2,0.0,0.0,1.0,0.0,R2L
1.158,tcp,dns,SF,1601,722,0,0,0,0,0,0,3,8,0.01,0.02,0.97,0.07,normal
0.016,icmp,telnet,REJ,67,0,0,0,0,0,0,0,93,4,0.01,0.62,0.01,0.77,Probe
0.322,tcp,dns,SF,608,5469,0,0,0,0,0,0,7,6,0.01,0.04,0.94,0.09,normal
0.0,tcp,private,S0,0,0,0,0,0,0,0,0,359,23,0.95,0.02,0.17,0.15,DoS
0.006,tcp,private,REJ,75,0,0,0,0,0,0,0,146,1,0.19,0.65,0.07,0.86,Probe
0.192,tcp,http,SF,1658,4157,0,0,0,0,0,0,4,1,0.01,0.0,0.86,0.11,normal
1.0,tcp,smtp,SF,1261,8022,0,0,0,0,0,0,2,2,0.01,0.05,0.96,0.14,normal
0.007,tcp,eco_i,RSTO,97,0,0,0,0,0,0,0,203,3,0.02,0.7,0.08,0.93,Probe
1.126,tcp,smtp,SF,1304,7620,0,0,0,0,0,0,12,9,0.02,0.04,0.98,0.1,normal
0.165,tcp,http,SF,298,6837,0,0,0,0,0,0,10,1,0.0,0.02,0.99,0.14,normal
0.678,tcp,http,SF,1668,3889,0,0,0,0,0,0,10,8,0.01,0.0,0.91,0.12,normal
0.262,tcp,http,SF,1486,4462,0,0,0,0,0,0,9,4,0.0,0.04,0.95,0.1,normal
7.12,tcp,ftp,SF,137,469,0,0,1,6,0,0,3,4,0.0,0.0,1.0,0.0,R2L
0.219,tcp,dns,SF,237,6633,0,0,0,0,0,0,6,7,0.02,0.04,0.98,0.02,normal
0.028,icmp,http,SF,23,0,0,0,0,0,0,0,81,3,0.17,0.75,0.07,0.94,Probe
0.168,tcp,http,SF,1355,6812,0,0,0,0,0,0,4,8,0.03,0.02,0.86,0.13,normal
0.083,tcp,http,SF,1527,3692,0,0,0,0,0,0,3,5,0.02,0.0,0.98,0.12,normal
0.043,tcp,http,REJ,38,0,0,0,0,0,0,0,137,4,0.06,0.61,0.09,0.98,Probe
0.0,tcp,private,REJ,0,0,0,0,0,0,0,0,460,12,0.9,0.02,0.09,0.13,DoS
0.013,tcp,http,SF,531,6444,0,0,0,0,0,0,1,8,0.04,0.01,0.91,0.07,normal
0.094,tcp,smtp,SF,1033,5422,0,0,0,0,0,0,8,2,0.01,0.05,0.9,0.12,normal
0.032,tcp,private,SF,69,0,0,0,0,0,0,0,155,1,0.02,0.71,0.03,0.82,Probe
95.62,tcp,ssh,SF,3073,18797,0,0,0,0,0,0,1,2,0.0,0.0,1.0,0.0,normal
0.911,tcp,http,SF,1187,2096,0,0,0,0,0,0,3,9,0.01,0.04,0.93,0.04,normal
0.692,tcp,http,SF,1030,882,0,0,0,0,0,0,3,1,0.05,0.04,0.98,0.07,normal
0.011,tcp,eco_i,REJ,42,0,0,0,0,0,0,0,131,2,0.09,0.55,0.04,0.9,Probe
0.384,tcp,http,SF,686,5879,0,0,0,0,0,0,1,1,0.01,0.03,0.88,0.07,normal
12.65,tcp,ssh,SF,451,512,0,0,3,2,0,0,1,5,0.0,0.0,1.0,0.0,R2L
0.0,tcp,private,S0,0,0,0,0,0,0,0,0,148,19,0.87,0.07,0.15,0.15,DoS
0.023,icmp,eco_i,REJ,73,0,0,0,0,0,0,0,175,1,0.02,0.54,0.06,0.96,Probe
0.979,tcp,http,SF,1451,2680,0,0,0,0,0,0,5,7,0.04,0.03,0.85,0.05,normal
0.881,tcp,http,SF,1008,870,0,0,0,0,0,0,10,5,0.03,0.01,0.97,0.08,normal
0.056,tcp,smtp,SF,392,8260,0,0,0,0,0,0,10,7,0.02,0.02,0.91,0.03,normal
0.0,tcp,private,S0,0,0,0,0,0,0,0,0,476,11,0.94,0.09,0.08,0.16,DoS
39.48,tcp,ssh,SF,11033,30658,0,0,0,0,0,0,2,3,0.0,0.0,1.0,0.0,normal
0.0,tcp,private,S0,0,0,0,0,0,0,0,0,255,22,0.89,0.04,0.19,0.19,DoS
0.046,tcp,eco_i,SF,18,0,0,0,0,0,0,0,92,4,0.12,0.74,0.01,0.99,Probe
22.01,tcp,telnet,SF,4336,7148,0,0,6,0,3,1,1,1,0.0,0.0,1.0,0.0,U2R
0.697,tcp,http,SF,1039,5019,0,0,0,0,0,0,2,4,0.04,0.02,0.94,0.0,normal
0.975,tcp,http,SF,922,3345,0,0,0,0,0,0,12,1,0.0,0.04,0.86,0.0,normal
0.713,tcp,http,SF,1373,5883,0,0,0,0,0,0,12,8,0.04,0.01,0.93,0.08,normal
0.0,tcp,private,S0,0,0,0,0,0,0,0,0,245,11,0.91,0.02,0.15,0.11,DoS
0.0,tcp,private,REJ,0,0,0,0,0,0,0,0,338,13,0.89,0.1,0.05,0.1,DoS
0.0,tcp,private,S0,0,0,0,0,0,0,0,0,373,18,0.92,0.03,0.19,0.14,DoS
0.023,icmp,private,SF,31,0,0,0,0,0,0,0,168,1,0.12,0.82,0.08,0.88,Probe
1.187,tcp,dns,SF,1013,3059,0,0,0,0,0,0,7,4,0.03,0.01,0.93,0.14,normal
0.0,tcp,private,S0,0,0,0,0,0,0,0,0,383,22,0.9,0.07,0.12,0.05,DoS
0.04,icmp,eco_i,SF,60,0,0,0,0,0,0,0,81,3,0.12,0.73,0.07,0.67,Probe
0.359,tcp,smtp,SF,1253,2982,0,0,0,0,0,0,3,6,0.02,0.03,0.95,0.02,normal
0.486,tcp,dns,SF,1043,2915,0,0,0,0,0,0,1,7,0.01,0.02,0.99,0.09,normal
0.924,tcp,http,SF,784,606,0,0,0,0,0,0,1,8,0.02,0.0,0.86,0.06,normal
0.0,tcp,private,REJ,0,0,0,0,0,0,0,0,477,18,0.86,0.07,0.16,0.1,DoS
0.005,icmp,private,SF,27,0,0,0,0,0,0,0,95,1,0.0,0.48,0.0,0.78,Probe
0.766,tcp,http,SF,783,7176,0,0,0,0,0,0,12,5,0.04,0.0,0.93,0.06,normal
0.157,tcp,dns,SF,1769,1874,0,0,0,0,0,0,9,4,0.03,0.04,0.92,0.05,normal
0.0,tcp,private,S0,0,0,0,0,0,0,0,0,400,9,0.88,0.08,0.11,0.13,DoS
0.768,tcp,dns,SF,601,420,0,0,0,0,0,0,5,9,0.04,0.02,1.0,0.07,normal
0.677,tcp,dns,SF,272,1361,0,0,0,0,0,0,3,3,0.0,0.01,0.92,0.03,normal
0.018,tcp,http,RSTO,80,0,0,0,0,0,0,0,197,4,0.02,0.77,0.01,0.9,Probe
0.0,tcp,private,REJ,0,0,0,0,0,0,0,0,407,23,0.99,0.09,0.06,0.08,DoS
14.57,tcp,ssh,SF,5517,27280,0,0,0,0,0,0,2,1,0.0,0.0,1.0,0.0,normal
0.661,tcp,http,SF,1668,8000,0,0,0,0,0,0,8,7,0.03,0.03,0.99,0.06,normal
0.803,tcp,dns,SF,717,5512,0,0,0,0,0,0,11,4,0.0,0.01,1.0,0.05,normal
10.44,tcp,ftp,SF,263,200,0,0,1,5,0,0,5,1,0.0,0.0,1.0,0.0,R2L
0.443,tcp,smtp,SF,1244,6170,0,0,0,0,0,0,10,2,0.0,0.04,0.93,0.0,normal
0.0,tcp,private,S0,0,0,0,0,0,0,0,0,262,12,0.89,0.09,0.11,0.05,DoS
0.924,tcp,http,SF,1228,5275,0,0,0,0,0,0,5,7,0.01,0.02,0.97,0.02,normal
0.0,tcp,private,S0,0,0,0,0,0,0,0,0,443,3,0.94,0.04,0.08,0.09,DoS
0.013,icmp,http,SF,11,0,0,0,0,0,0,0,157,3,0.11,0.57,0.03,0.65,Probe
0.0,tcp,private,S0,0,0,0,0,0,0,0,0,171,11,0.86,0.08,0.12,0.12,DoS
0.0,tcp,private,S0,0,0,0,0,0,0,0,0,376,10,0.91,0.03,0.18,0.11,DoS
0.0,tcp,private,S0,0,0,0,0,0,0,0,0,225,23,0.85,0.06,0.12,0.19,DoS
0.061,tcp,http,SF,1650,7947,0,0,0,0,0,0,3,3,0.02,0.02,0.9,0.05,normal
0.0,tcp,private,REJ,0,0,0,0,0,0,0,0,242,8,0.9,0.0,0.14,0.13,DoS
0.0,tcp,private,S0,0,0,0,0,0,0,0,0,284,7,0.92,0.01,0.1,0.2,DoS
0.349,tcp,http,SF,1312,7893,0,0,0,0,0,0,8,10,0.04,0.01,0.86,0.14,normal
0.613,tcp,http,SF,635,656,0,0,0,0,0,0,11,4,0.01,0.01,0.93,0.02,normal
0.0,tcp,private,REJ,0,0,0,0,0,0,0,0,187,12,0.95,0.06,0.15,0.08,DoS
0.012,icmp,private,RSTO,10,0,0,0,0,0,0,0,211,2,0.1,0.46,0.04,0.88,Probe
0.041,icmp,telnet,REJ,0,0,0,0,0,0,0,0,169,1,0.03,0.82,0.07,0.99,Probe
0.574,tcp,http,SF,749,2938,0,0,0,0,0,0,10,3,0.03,0.01,0.85,0.11,normal
0.99,tcp,http,SF,718,7793,0,0,0,0,0,0,12,9,0.0,0.01,0.93,0.02,normal
0.273,tcp,dns,SF,1168,3632,0,0,0,0,0,0,6,2,0.0,0.03,0.99,0.1,normal
8.18,tcp,telnet,SF,225,438,0,0,2,2,0,0,1,4,0.0,0.0,1.0,0.0,R2L
0.0,tcp,private,S0,0,0,0,0,0,0,0,0,316,9,0.93,0.01,0.06,0.1,DoS
0.395,tcp,http,SF,586,4620,0,0,0,0,0,0,8,3,0.0,0.01,0.92,0.07,normal
0.008,icmp,eco_i,RSTO,20,0,0,0,0,0,0,0,159,4,0.13,0.48,0.06,0.88,Probe
32.51,tcp,ssh,SF,11781,4304,0,0,0,0,0,0,2,1,0.0,0.0,1.0,0.0,normal
0.045,tcp,smtp,SF,907,7709,0,0,0,0,0,0,12,9,0.04,0.01,0.99,0.02,normal
0.088,tcp,http,SF,224,5627,0,0,0,0,0,0,6,1,0.04,0.0,0.9,0.12,normal
79.37,tcp,ssh,SF,8068,24000,0,0,0,0,0,0,2,3,0.0,0.0,1.0,0.0,normal
11.96,tcp,ssh,SF,8622,30264,0,0,0,0,0,0,2,1,0.0,0.0,1.0,0.0,normal
0.574,tcp,http,SF,1123,7157,0,0,0,0,0,0,5,9,0.03,0.02,0.89,0.13,normal
3.07,tcp,ssh,SF,477,682,0,0,4,2,0,0,5,4,0.0,0.0,1.0,0.0,R2L
0.062,tcp,http,SF,466,8343,0,0,0,0,0,0,1,1,0.04,0.02,0.87,0.13,normal
0.0,tcp,private,REJ,0,0,0,0,0,0,0,0,315,5,0.97,0.01,0.19,0.1,DoS
0.001,tcp,private,REJ,2,0,0,0,0,0,0,0,210,2,0.11,0.79,0.05,0.81,Probe
0.018,tcp,telnet,RSTO,54,0,0,0,0,0,0,0,166,2,0.04,0.55,0.01,0.67,Probe
0.795,tcp,http,SF,1413,603,0,0,0,0,0,0,8,1,0.01,0.04,0.95,0.02,normal
0.257,tcp,http,SF,1218,2389,0,0,0,0,0,0,7,2,0.03,0.01,0.89,0.05,normal
0.0,tcp,private,REJ,0,0,0,0,0,0,0,0,183,20,0.96,0.01,0.14,0.12,DoS
73.06,tcp,ssh,SF,11605,9968,0,0,0,0,0,0,1,1,0.0,0.0,1.0,0.0,normal
0.516,tcp,http,SF,1646,4614,0,0,0,0,0,0,6,5,0.05,0.02,0.99,0.07,normal
0.662,tcp,http,SF,770,1602,0,0,0,0,0,0,4,4,0.04,0.04,0.89,0.08,normal
1.034,tcp,http,SF,1601,7864,0,0,0,0,0,0,6,2,0.05,0.04,0.98,0.01,normal
35.98,tcp,ssh,SF,4503,18873,0,0,0,0,0,0,1,3,0.0,0.0,1.0,0.0,normal
1.14,tcp,dns,SF,1234,7551,0,0,0,0,0,0,12,9,0.04,0.03,1.0,0.14,normal
0.0,tcp,private,REJ,0,0,0,0,0,0,0,0,212,25,0.97,0.08,0.08,0.09,DoS
1.047,tcp,http,SF,1576,5818,0,0,0,0,0,0,10,8,0.02,0.01,0.86,0.15,normal
0.0,tcp,private,REJ,0,0,0,0,0,0,0,0,181,23,0.99,0.07,0.07,0.11,DoS
0.123,tcp,http,SF,898,7845,0,0,0,0,0,0,10,3,0.02,0.04,0.99,0.05,normal
1.05,tcp,ssh,SF,185,733,0,0,3,2,0,0,4,2,0.0,0.0,1.0,0.0,R2L
0.0,tcp,private,S0,0,0,0,0,0,0,0,0,312,18,0.88,0.07,0.08,0.14,DoS
0.0,tcp,private,S0,0,0,0,0,0,0,0,0,210,15,0.89,0.04,0.08,0.07,DoS
0.004,tcp,http,RSTO,36,0,0,0,0,0,0,0,169,2,0.15,0.43,0.04,0.99,Probe
17.56,tcp,telnet,SF,4411,9282,0,0,6,0,2,1,1,1,0.0,0.0,1.0,0.0,U2R
0.036,tcp,finger,REJ,58,0,0,0,0,0,0,0,159,3,0.2,0.71,0.05,0.94,Probe
0.011,icmp,http,SF,56,0,0,0,0,0,0,0,144,2,0.14,0.88,0.02,0.72,Probe
0.322,tcp,smtp,SF,1124,2684,0,0,0,0,0,0,4,3,0.03,0.03,0.92,0.08,normal
0.863,tcp,smtp,SF,783,2542,0,0,0,0,0,0,11,2,0.04,0.05,0.89,0.03,normal
0.206,tcp,http,SF,817,5660,0,0,0,0,0,0,5,4,0.05,0.05,0.94,0.12,normal
0.045,icmp,http,RSTO,10,0,0,0,0,0,0,0,212,2,0.19,0.6,0.02,0.92,Probe
0.091,tcp,http,SF,1576,5390,0,0,0,0,0,0,3,10,0.03,0.05,0.97,0.02,normal
66.75,tcp,ssh,SF,8349,14811,0,0,0,0,0,0,2,1,0.0,0.0,1.0,0.0,normal
0.002,tcp,telnet,REJ,28,0,0,0,0,0,0,0,207,3,0.05,0.59,0.02,0.73,Probe
0.0,tcp,private,S0,0,0,0,0,0,0,0,0,434,25,0.95,0.05,0.09,0.13,DoS
0.202,tcp,smtp,SF,1497,4820,0,0,0,0,0,0,5,3,0.04,0.01,0.88,0.05,normal
0.163,tcp,http,SF,1328,4850,0,0,0,0,0,0,9,3,0.02,0.03,1.0,0.11,normal
0.54,tcp,http,SF,970,583,0,0,0,0,0,0,12,9,0.03,0.05,0.94,0.03,normal
1.009,tcp,dns,SF,404,7502,0,0,0,0,0,0,11,7,0.01,0.04,0.94,0.12,normal
0.339,tcp,http,SF,1174,5669,0,0,0,0,0,0,11,8,0.0,0.01,0.89,0.13,normal
0.844,tcp,http,SF,1261,6962,0,0,0,0,0,0,10,4,0.01,0.04,0.97,0.07,normal
0.0,tcp,private,S0,0,0,0,0,0,0,0,0,199,12,0.95,0.06,0.12,0.14,DoS
10.46,tcp,telnet,SF,171,330,0,0,1,6,0,0,5,3,0.0,0.0,1.0,0.0,R2L
11.42,tcp,ftp,SF,412,433,0,0,1,5,0,0,1,3,0.0,0.0,1.0,0.0,R2L
61.6,tcp,ssh,SF,2837,4214,0,0,0,0,0,0,2,1,0.0,0.0,1.0,0.0,normal
0.01,icmp,http,SF,19,0,0,0,0,0,0,0,108,3,0.17,0.63,0.1,0.78,Probe
0.904,tcp,http,SF,521,5636,0,0,0,0,0,0,1,8,0.01,0.02,0.92,0.04,normal
0.721,tcp,smtp,SF,954,7868,0,0,0,0,0,0,4,8,0.02,0.03,0.91,0.06,normal
0.042,icmp,http,SF,74,0,0,0,0,0,0,0,202,2,0.15,0.45,0.06,0.92,Probe
0.781,tcp,http,SF,551,4771,0,0,0,0,0,0,12,4,0.01,0.01,0.98,0.04,normal
0.331,tcp,smtp,SF,1155,7192,0,0,0,0,0,0,11,1,0.0,0.02,0.89,0.14,normal
0.032,icmp,http,SF,27,0,0,0,0,0,0,0,208,3,0.18,0.59,0.04,0.73,Probe
0.049,tcp,private,REJ,62,0,0,0,0,0,0,0,214,4,0.02,0.54,0.03,0.98,Probe
0.843,tcp,smtp,SF,513,3505,0,0,0,0,0,0,2,3,0.01,0.04,0.99,0.02,normal
0.019,tcp,private,RSTO,33,0,0,0,0,0,0,0,106,3,0.03,0.93,0.07,0.94,Probe
1.096,tcp,dns,SF,1312,6584,0,0,0,0,0,0,7,6,0.03,0.05,0.99,0.12,normal
0.0,tcp,private,S0,0,0,0,0,0,0,0,0,172,4,0.93,0.04,0.07,0.15,DoS
1.105,tcp,dns,SF,1795,3083,0,0,0,0,0,0,6,9,0.05,0.04,0.99,0.11,normal
0.0,tcp,private,REJ,0,0,0,0,0,0,0,0,470,25,1.0,0.01,0.13,0.15,DoS
0.137,tcp,http,SF,872,5954,0,0,0,0,0,0,11,2,0.02,0.03,1.0,0.07,normal
1.058,tcp,smtp,SF,1173,5555,0,0,0,0,0,0,12,9,0.01,0.05,0.87,0.02,normal
0.0,tcp,private,REJ,0,0,0,0,0,0,0,0,178,18,0.95,0.06,0.08,0.17,DoS
0.307,tcp,smtp,SF,1657,3508,0,0,0,0,0,0,8,8,0.01,0.02,0.88,0.0,normal
0.661,tcp,http,SF,659,6913,0,0,0,0,0,0,12,5,0.03,0.05,0.9,0.02,normal
0.035,icmp,finger,SF,16,0,0,0,0,0,0,0,150,4,0.06,0.56,0.01,0.72,Probe
84.21,tcp,ssh,SF,6546,17702,0,0,0,0,0,0,2,3,0.0,0.0,1.0,0.0,normal
0.033,tcp,http,SF,1071,1937,0,0,0,0,0,0,6,1,0.03,0.02,0.93,0.07,normal
0.0,tcp,private,S0,0,0,0,0,0,0,0,0,153,19,0.86,0.1,0.07,0.1,DoS
0.155,tcp,smtp,SF,207,7294,0,0,0,0,0,0,10,3,0.04,0.01,0.99,0.07,normal
0.707,tcp,http,SF,626,7057,0,0,0,0,0,0,1,2,0.02,0.05,0.98,0.1,normal
0.737,tcp,http,SF,645,2644,0,0,0,0,0,0,11,3,0.01,0.01,0.85,0.14,normal
0.365,tcp,http,SF,1050,7062,0,0,0,0,0,0,10,3,0.01,0.05,0.97,0.07,normal
7.83,tcp,telnet,SF,179,419,0,0,3,6,0,0,2,1,0.0,0.0,1.0,0.0,R2L
118.23,tcp,ssh,SF,3136,13009,0,0,0,0,0,0,3,3,0.0,0.0,1.0,0.0,normal
0.563,tcp,dns,SF,239,1802,0,0,0,0,0,0,2,8,0.01,0.01,0.95,0.09,normal
109.81,tcp,ssh,SF,10421,7539,0,0,0,0,0,0,1,2,0.0,0.0,1.0,0.0,normal
11.21,tcp,telnet,SF,413,298,0,0,2,2,0,0,1,4,0.0,0.0,1.0,0.0,R2L
0.0,tcp,private,S0,0,0,0,0,0,0,0,0,321,8,1.0,0.05,0.12,0.09,DoS
0.985,tcp,http,SF,505,6736,0,0,0,0,0,0,6,6,0.05,0.01,0.97,0.09,normal
34.87,tcp,ssh,SF,5355,8736,0,0,0,0,0,0,2,2,0.0,0.0,1.0,0.0,normal
0.0,tcp,private,S0,0,0,0,0,0,0,0,0,386,11,0.9,0.02,0.13,0.15,DoS
0.004,tcp,private,REJ,29,0,0,0,0,0,0,0,94,1,0.17,0.51,0.04,0.82,Probe
0.0,tcp,private,S0,0,0,0,0,0,0,0,0,472,5,0.96,0.05,0.19,0.13,DoS
1.14,tcp,dns,SF,1600,8302,0,0,0,0,0,0,4,4,0.02,0.02,0.85,0.03,normal
1.173,tcp,smtp,SF,1761,5642,0,0,0,0,0,0,7,1,0.05,0.04,0.93,0.03,normal
0.775,tcp,dns,SF,902,6950,0,0,0,0,0,0,9,2,0.0,0.02,0.88,0.07,normal
0.0,tcp,private,S0,0,0,0,0,0,0,0,0,147,19,0.98,0.06,0.15,0.18,DoS
0.035,icmp,eco_i,REJ,49,0,0,0,0,0,0,0,178,2,0.1,0.72,0.01,0.95,Probe
0.102,tcp,dns,SF,1000,3751,0,0,0,0,0,0,9,8,0.03,0.03,0.99,0.11,normal
6.79,tcp,ssh,SF,1627,23139,0,0,0,0,0,0,1,3,0.0,0.0,1.0,0.0,normal
0.0,tcp,private,REJ,0,0,0,0,0,0,0,0,263,6,0.9,0.1,0.11,0.16,DoS
0.009,tcp,telnet,SF,45,0,0,0,0,0,0,0,202,3,0.03,0.83,0.03,0.88,Probe
0.0,tcp,private,S0,0,0,0,0,0,0,0,0,176,4,0.97,0.03,0.1,0.19,DoS
0.045,tcp,telnet,RSTO,78,0,0,0,0,0,0,0,149,4,0.12,0.81,0.1,0.82,Probe
0.048,icmp,finger,REJ,43,0,0,0,0,0,0,0,208,3,0.18,0.8,0.02,0.78,Probe
0.986,tcp,http,SF,643,1846,0,0,0,0,0,0,1,2,0.03,0.04,0.85,0.11,normal
64.18,tcp,ssh,SF,2082,34914,0,0,0,0,0,0,1,2,0.0,0.0,1.0,0.0,normal
0.895,tcp,smtp,SF,1528,2774,0,0,0,0,0,0,1,6,0.02,0.02,0.92,0.12,normal
1.164,tcp,smtp,SF,622,4803,0,0,0,0,0,0,12,10,0.05,0.01,0.97,0.08,normal
0.0,tcp,private,S0,0,0,0,0,0,0,0,0,334,18,0.97,0.03,0.11,0.18,DoS
0.016,tcp,http,SF,1786,7954,0,0,0,0,0,0,9,8,0.04,0.03,0.96,0.1,normal
0.081,tcp,http,SF,873,6843,0,0,0,0,0,0,5,8,0.01,0.02,0.87,0.14,normal
0.0,tcp,private,S0,0,0,0,0,0,0,0,0,388,23,0.99,0.09,0.08,0.11,DoS
0.882,tcp,http,SF,296,6773,0,0,0,0,0,0,3,6,0.01,0.04,0.91,0.13,normal
0.613,tcp,dns,SF,286,521,0,0,0,0,0,0,6,6,0.01,0.02,0.99,0.09,normal
0.566,tcp,smtp,SF,875,8493,0,0,0,0,0,0,1,1,0.04,0.0,0.88,0.07,normal
93.74,tcp,ssh,SF,3905,29270,0,0,0,0,0,0,1,1,0.0,0.0,1.0,0.0,normal
0.016,icmp,http,REJ,22,0,0,0,0,0,0,0,101,1,0.09,0.83,0.08,0.81,Probe
0.845,tcp,http,SF,220,3699,0,0,0,0,0,0,1,1,0.03,0.01,0.97,0.05,normal
0.696,tcp,http,SF,553,1512,0,0,0,0,0,0,3,4,0.01,0.01,0.98,0.03,normal
10.57,tcp,ftp,SF,141,537,0,0,2,6,0,0,5,5,0.0,0.0,1.0,0.0,R2L
0.872,tcp,dns,SF,598,2861,0,0,0,0,0,0,3,10,0.03,0.03,0.9,0.09,normal
0.035,tcp,telnet,SF,77,0,0,0,0,0,0,0,209,2,0.13,0.63,0.0,0.93,Probe
0.0,tcp,private,S0,0,0,0,0,0,0,0,0,414,13,0.94,0.08,0.17,0.17,DoS
0.0,tcp,private,S0,0,0,0,0,0,0,0,0,219,22,0.95,0.1,0.17,0.09,DoS
0.0,tcp,private,REJ,0,0,0,0,0,0,0,0,315,17,0.9,0.0,0.17,0.06,DoS
0.173,tcp,http,SF,348,7845,0,0,0,0,0,0,7,10,0.02,0.05,0.96,0.01,normal
0.541,tcp,http,SF,1774,6207,0,0,0,0,0,0,3,6,0.0,0.0,0.98,0.05,normal
0.0,tcp,private,S0,0,0,0,0,0,0,0,0,457,20,0.99,0.07,0.16,0.19,DoS
0.472,tcp,http,SF,1603,3338,0,0,0,0,0,0,7,5,0.03,0.03,0.97,0.05,normal
0.664,tcp,smtp,SF,394,3251,0,0,0,0,0,0,7,10,0.01,0.04,0.95,0.06,normal
1.149,tcp,http,SF,1690,2267,0,0,0,0,0,0,2,6,0.03,0.05,0.98,0.01,normal
0.038,icmp,http,RSTO,70,0,0,0,0,0,0,0,179,4,0.03,0.66,0.09,0.74,Probe
48.53,tcp,ssh,SF,2927,14189,0,0,0,0,0,0,2,3,0.0,0.0,1.0,0.0,normal
0.0,tcp,private,S0,0,0,0,0,0,0,0,0,349,4,0.95,0.07,0.1,0.15,DoS
0.0,tcp,private,REJ,0,0,0,0,0,0,0,0,192,3,0.86,0.04,0.15,0.18,DoS
0.545,tcp,http,SF,1588,5817,0,0,0,0,0,0,1,10,0.0,0.05,0.92,0.08,normal
0.0,tcp,private,S0,0,0,0,0,0,0,0,0,303,24,0.95,0.08,0.12,0.15,DoS
0.0,tcp,private,S0,0,0,0,0,0,0,0,0,369,21,0.96,0.04,0.17,0.14,DoS
0.884,tcp,http,SF,668,1148,0,0,0,0,0,0,8,6,0.04,0.01,0.92,0.02,normal
7.06,tcp,ftp,SF,147,754,0,0,1,6,0,0,2,1,0.0,0.0,1.0,0.0,R2L
0.234,tcp,smtp,SF,1292,8011,0,0,0,0,0,0,1,1,0.05,0.0,0.97,0.03,normal
0.288,tcp,http,SF,1437,1817,0,0,0,0,0,0,4,4,0.02,0.01,0.94,0.14,normal
0.0,tcp,private,S0,0,0,0,0,0,0,0,0,446,15,0.96,0.1,0.06,0.15,DoS
0.105,tcp,http,SF,261,4719,0,0,0,0,0,0,12,4,0.0,0.05,0.92,0.07,normal
1.5,tcp,ssh,SF,147,478,0,0,3,5,0,0,1,3,0.0,0.0,1.0,0.0,R2L
0.025,icmp,eco_i,REJ,24,0,0,0,0,0,0,0,162,4,0.01,0.76,0.05,0.68,Probe
0.979,tcp,http,SF,772,4319,0,0,0,0,0,0,3,1,0.01,0.04,0.92,0.14,normal
0.293,tcp,http,SF,758,7121,0,0,0,0,0,0,2,10,0.03,0.01,1.0,0.07,normal
0.0,tcp,private,S0,0,0,0,0,0,0,0,0,480,13,0.97,0.08,0.06,0.14,DoS
0.19,tcp,http,SF,710,2286,0,0,0,0,0,0,2,7,0.05,0.05,0.86,0.1,normal
0.0,tcp,private,S0,0,0,0,0,0,0,0,0,353,23,0.99,0.05,0.09,0.18,DoS
1.035,tcp,dns,SF,840,4107,0,0,0,0,0,0,5,2,0.04,0.0,0.87,0.08,normal
0.0,tcp,private,S0,0,0,0,0,0,0,0,0,479,15,0.88,0.02,0.08,0.15,DoS
0.036,icmp,http,RSTO,76,0,0,0,0,0,0,0,81,4,0.01,0.84,0.04,0.89,Probe
0.768,tcp,dns,SF,1279,8202,0,0,0,0,0,0,1,3,0.0,0.04,0.98,0.02,normal
0.0,tcp,private,S0,0,0,0,0,0,0,0,0,291,20,0.88,0.0,0.13,0.08,DoS
0.241,tcp,smtp,SF,614,2927,0,0,0,0,0,0,7,2,0.04,0.01,0.96,0.09,normal
0.0,tcp,private,REJ,0,0,0,0,0,0,0,0,297,24,0.94,0.02,0.16,0.07,DoS
0.047,icmp,eco_i,RSTO,32,0,0,0,0,0,0,0,173,3,0.02,0.69,0.01,0.73,Probe
0.0,tcp,private,S0,0,0,0,0,0,0,0,0,425,8,0.85,0.01,0.06,0.07,DoS
0.803,tcp,http,SF,1199,5791,0,0,0,0,0,0,3,2,0.03,0.01,0.91,0.02,normal
0.138,tcp,http,SF,649,5306,0,0,0,0,0,0,6,9,0.03,0.02,0.97,0.08,normal
0.961,tcp,http,SF,1384,2280,0,0,0,0,0,0,5,7,0.02,0.02,0.96,0.06,normal
0.0,tcp,private,S0,0,0,0,0,0,0,0,0,465,17,0.96,0.05,0.2,0.17,DoS
7.32,tcp,ftp,SF,482,583,0,0,1,6,0,0,3,5,0.0,0.0,1.0,0.0,R2L
0.045,tcp,http,REJ,9,0,0,0,0,0,0,0,135,2,0.15,0.88,0.04,0.88,Probe
0.0,tcp,private,S0,0,0,0,0,0,0,0,0,171,11,0.99,0.07,0.05,0.19,DoS
25.07,tcp,telnet,SF,2689,8149,0,0,4,0,4,1,1,1,0.0,0.0,1.0,0.0,U2R
0.664,tcp,http,SF,1486,411,0,0,0,0,0,0,7,2,0.02,0.03,0.87,0.09,normal
0.69,tcp,http,SF,1534,6421,0,0,0,0,0,0,7,7,0.03,0.01,0.94,0.13,normal
59.39,tcp,ssh,SF,10175,32217,0,0,0,0,0,0,1,1,0.0,0.0,1.0,0.0,normal
0.0,tcp,private,REJ,0,0,0,0,0,0,0,0,371,8,0.92,0.08,0.19,0.09,DoS
0.0,tcp,private,S0,0,0,0,0,0,0,0,0,391,4,0.87,0.04,0.08,0.09,DoS
0.902,tcp,dns,SF,558,4994,0,0,0,0,0,0,4,6,0.03,0.0,0.87,0.07,normal
99.76,tcp,ssh,SF,5338,5466,0,0,0,0,0,0,3,3,0.0,0.0,1.0,0.0,normal
24.67,tcp,telnet,SF,3387,8800,0,0,6,0,3,1,1,1,0.0,0.0,1.0,0.0,U2R
0.0,tcp,private,S0,0,0,0,0,0,0,0,0,364,8,0.99,0.08,0.2,0.2,DoS
0.0,tcp,private,REJ,0,0,0,0,0,0,0,0,476,14,0.85,0.08,0.09,0.18,DoS
11.05,tcp,ssh,SF,2291,17082,0,0,0,0,0,0,3,1,0.0,0.0,1.0,0.0,normal
12.92,tcp,ssh,SF,158,720,0,0,4,6,0,0,2,4,0.0,0.0,1.0,0.0,R2L
0.0,tcp,private,S0,0,0,0,0,0,0,0,0,167,17,0.93,0.08,0.11,0.15,DoS
0.0,tcp,private,S0,0,0,0,0,0,0,0,0,152,7,0.97,0.01,0.19,0.14,DoS
0.919,tcp,http,SF,1448,574,0,0,0,0,0,0,8,2,0.02,0.02,0.91,0.13,normal
0.555,tcp,http,SF,218,6425,0,0,0,0,0,0,4,1,0.04,0.04,0.95,0.14,normal
1.106,tcp,http,SF,1062,733,0,0,0,0,0,0,10,1,0.02,0.01,0.96,0.03,normal
0.706,tcp,http,SF,995,777,0,0,0,0,0,0,4,2,0.05,0.01,0.91,0.0,normal
0.014,tcp,http,SF,30,0,0,0,0,0,0,0,123,1,0.1,0.48,0.09,0.75,Probe
43.92,tcp,telnet,SF,3612,7960,0,0,3,0,1,1,1,1,0.0,0.0,1.0,0.0,U2R
0.179,tcp,smtp,SF,892,6786,0,0,0,0,0,0,9,1,0.03,0.01,0.91,0.05,normal
0.251,tcp,http,SF,814,3993,0,0,0,0,0,0,2,6,0.01,0.02,0.96,0.02,normal
52.94,tcp,telnet,SF,1234,7774,0,0,2,0,2,1,1,1,0.0,0.0,1.0,0.0,U2R
0.0,tcp,private,S0,0,0,0,0,0,0,0,0,283,14,0.86,0.1,0.09,0.11,DoS
100.0,tcp,ssh,SF,3454,27308,0,0,0,0,0,0,1,3,0.0,0.0,1.0,0.0,normal
0.739,tcp,http,SF,1423,4624,0,0,0,0,0,0,8,4,0.0,0.01,0.91,0.04,normal
0.961,tcp,smtp,SF,568,4100,0,0,0,0,0,0,5,2,0.01,0.03,0.86,0.14,normal
0.15,tcp,dns,SF,1396,3484,0,0,0,0,0,0,11,4,0.02,0.02,0.99,0.05,normal
0.244,tcp,http,SF,1093,2931,0,0,0,0,0,0,9,10,0.04,0.02,0.87,0.13,normal
0.009,icmp,private,REJ,42,0,0,0,0,0,0,0,175,4,0.13,0.61,0.07,0.94,Probe
0.002,tcp,private,REJ,86,0,0,0,0,0,0,0,206,3,0.08,0.92,0.08,0.81,Probe
0.0,tcp,private,S0,0,0,0,0,0,0,0,0,384,11,0.94,0.06,0.09,0.15,DoS
4.96,tcp,telnet,SF,154,318,0,0,4,5,0,0,3,1,0.0,0.0,1.0,0.0,R2L
0.642,tcp,http,SF,882,5234,0,0,0,0,0,0,9,7,0.03,0.05,1.0,0.05,normal
0.414,tcp,http,SF,757,7389,0,0,0,0,0,0,12,1,0.01,0.04,0.91,0.07,normal
0.07,tcp,http,SF,963,7718,0,0,0,0,0,0,7,9,0.02,0.03,0.97,0.02,normal
0.289,tcp,http,SF,207,5679,0,0,0,0,0,0,11,6,0.05,0.02,0.99,0.07,normal
0.555,tcp,smtp,SF,708,3605,0,0,0,0,0,0,6,7,0.01,0.04,0.97,0.06,normal
0.038,icmp,finger,REJ,26,0,0,0,0,0,0,0,108,1,0.0,0.51,0.09,0.95,Probe
0.983,tcp,http,SF,676,2955,0,0,0,0,0,0,8,2,0.04,0.01,0.9,0.14,normal
0.327,tcp,smtp,SF,718,5507,0,0,0,0,0,0,11,8,0.04,0.02,0.99,0.09,normal
0.272,tcp,dns,SF,274,4482,0,0,0,0,0,0,11,2,0.01,0.02,0.88,0.08,normal
0.183,tcp,http,SF,477,4509,0,0,0,0,0,0,3,6,0.03,0.0,0.93,0.06,normal
1.102,tcp,http,SF,1225,2370,0,0,0,0,0,0,5,2,0.04,0.0,0.93,0.01,normal
0.813,tcp,http,SF,1112,1743,0,0,0,0,0,0,9,4,0.02,0.01,0.89,0.01,normal
0.173,tcp,http,SF,308,428,0,0,0,0,0,0,2,3,0.02,0.05,0.89,0.09,normal
0.033,tcp,telnet,RSTO,82,0,0,0,0,0,0,0,129,2,0.07,0.7,0.02,0.89,Probe
0.029,tcp,eco_i,RSTO,71,0,0,0,0,0,0,0,98,1,0.04,0.48,0.03,0.77,Probe
0.0,tcp,private,S0,0,0,0,0,0,0,0,0,225,18,0.9,0.06,0.13,0.07,DoS
0.026,tcp,eco_i,SF,35,0,0,0,0,0,0,0,85,1,0.19,0.82,0.02,0.98,Probe
0.799,tcp,dns,SF,246,6632,0,0,0,0,0,0,3,8,0.0,0.05,0.94,0.08,normal
11.64,tcp,telnet,SF,509,328,0,0,3,4,0,0,2,3,0.0,0.0,1.0,0.0,R2L
0.937,tcp,http,SF,128,7342,0,0,0,0,0,0,2,2,0.04,0.03,0.93,0.07,normal
0.037,tcp,http,RSTO,5,0,0,0,0,0,0,0,164,4,0.11,0.87,0.02,0.82,Probe
0.0,tcp,private,S0,0,0,0,0,0,0,0,0,311,13,0.89,0.09,0.11,0.06,DoS
0.014,icmp,eco_i,RSTO,52,0,0,0,0,0,0,0,105,4,0.11,0.85,0.03,0.81,Probe
1.073,tcp,smtp,SF,834,4827,0,0,0,0,0,0,4,7,0.04,0.05,0.87,0.02,normal
0.349,tcp,http,SF,1467,6955,0,0,0,0,0,0,1,7,0.05,0.0,0.88,0.02,normal
0.385,tcp,http,SF,906,717,0,0,0,0,0,0,3,10,0.04,0.05,0.9,0.09,normal
1.53,tcp,ftp,SF,514,498,0,0,2,5,0,0,4,3,0.0,0.0,1.0,0.0,R2L
0.407,tcp,smtp,SF,771,6852,0,0,0,0,0,0,10,10,0.04,0.05,0.97,0.07,normal
19.58,tcp,telnet,SF,1771,5777,0,0,6,0,3,1,1,1,0.0,0.0,1.0,0.0,U2R
0.579,tcp,http,SF,180,7586,0,0,0,0,0,0,5,10,0.03,0.04,0.85,0.06,normal
1.152,tcp,http,SF,1075,3315,0,0,0,0,0,0,1,3,0.02,0.04,0.91,0.07,normal
0.309,tcp,http,SF,1130,6973,0,0,0,0,0,0,2,8,0.05,0.02,0.95,0.09,normal
0.0,tcp,private,S0,0,0,0,0,0,0,0,0,429,24,0.89,0.03,0.09,0.12,DoS
0.0,tcp,private,REJ,0,0,0,0,0,0,0,0,390,8,0.95,0.1,0.09,0.1,DoS
62.34,tcp,telnet,SF,4090,3662,0,0,3,0,1,1,1,1,0.0,0.0,1.0,0.0,U2R
0.943,tcp,dns,SF,155,739,0,0,0,0,0,0,3,8,0.02,0.02,0.88,0.07,normal
0.233,tcp,http,SF,390,8436,0,0,0,0,0,0,1,9,0.02,0.04,0.99,0.08,normal
0.0,tcp,private,S0,0,0,0,0,0,0,0,0,371,3,0.97,0.1,0.05,0.06,DoS
15.83,tcp,telnet,SF,1590,6119,0,0,5,0,2,1,1,1,0.0,0.0,1.0,0.0,U2R
0.0,tcp,private,REJ,0,0,0,0,0,0,0,0,325,13,0.97,0.1,0.19,0.14,DoS
0.06,tcp,http,SF,1599,5355,0,0,0,0,0,0,9,7,0.03,0.04,0.85,0.01,normal
0.039,tcp,finger,SF,6,0,0,0,0,0,0,0,148,4,0.09,0.82,0.08,0.67,Probe
40.44,tcp,telnet,SF,1449,3548,0,0,5,0,3,1,1,1,0.0,0.0,1.0,0.0,U2R
0.255,tcp,http,SF,160,7412,0,0,0,0,0,0,3,10,0.04,0.04,0.89,0.09,normal
2.62,tcp,telnet,SF,160,481,0,0,4,5,0,0,1,2,0.0,0.0,1.0,0.0,R2L
7.65,tcp,ftp,SF,409,606,0,0,2,2,0,0,5,5,0.0,0.0,1.0,0.0,R2L
0.031,icmp,http,RSTO,3,0,0,0,0,0,0,0,135,1,0.16,0.72,0.06,0.82,Probe
0.642,tcp,dns,SF,436,7509,0,0,0,0,0,0,3,5,0.0,0.04,0.94,0.08,normal
0.031,tcp,private,REJ,18,0,0,0,0,0,0,0,169,3,0.03,0.42,0.08,0.66,Probe
0.034,tcp,telnet,SF,2,0,0,0,0,0,0,0,96,4,0.02,0.57,0.0,0.95,Probe
47.49,tcp,telnet,SF,1462,3225,0,0,2,0,4,1,1,1,0.0,0.0,1.0,0.0,U2R
2.13,tcp,telnet,SF,106,359,0,0,3,5,0,0,4,2,0.0,0.0,1.0,0.0,R2L
0.0,tcp,private,S0,0,0,0,0,0,0,0,0,343,22,0.92,0.05,0.06,0.16,DoS
16.18,tcp,ssh,SF,8731,23639,0,0,0,0,0,0,3,1,0.0,0.0,1.0,0.0,normal
0.311,tcp,http,SF,565,8155,0,0,0,0,0,0,3,9,0.01,0.02,0.98,0.0,normal
0.0,tcp,private,REJ,0,0,0,0,0,0,0,0,245,20,0.97,0.01,0.2,0.1,DoS
15.16,tcp,telnet,SF,4475,4808,0,0,5,0,3,1,1,1,0.0,0.0,1.0,0.0,U2R
0.532,tcp,smtp,SF,1586,7664,0,0,0,0,0,0,10,6,0.02,0.04,0.91,0.14,normal
0.0,tcp,private,S0,0,0,0,0,0,0,0,0,373,23,0.9,0.06,0.14,0.14,DoS
0.0,tcp,private,S0,0,0,0,0,0,0,0,0,375,11,0.89,0.07,0.19,0.07,DoS
0.021,tcp,telnet,SF,50,0,0,0,0,0,0,0,121,4,0.09,0.44,0.07,0.97,Probe
0.0,tcp,private,REJ,0,0,0,0,0,0,0,0,231,15,0.91,0.1,0.19,0.18,DoS
0.0,tcp,private,S0,0,0,0,0,0,0,0,0,319,23,0.91,0.02,0.09,0.15,DoS
0.041,icmp,telnet,RSTO,24,0,0,0,0,0,0,0,211,4,0.07,0.74,0.01,0.96,Probe
47.38,tcp,telnet,SF,3543,5833,0,0,4,0,4,1,1,1,0.0,0.0,1.0,0.0,U2R
0.278,tcp,http,SF,1660,2580,0,0,0,0,0,0,5,7,0.01,0.02,0.85,0.06,normal
0.042,tcp,eco_i,REJ,86,0,0,0,0,0,0,0,216,4,0.1,0.67,0.1,0.88,Probe
0.013,tcp,telnet,REJ,82,0,0,0,0,0,0,0,187,4,0.19,0.47,0.04,0.94,Probe
0.867,tcp,http,SF,646,2318,0,0,0,0,0,0,11,10,0.05,0.01,0.96,0.09,normal
0.956,tcp,http,SF,1481,5095,0,0,0,0,0,0,7,10,0.01,0.04,0.97,0.08,normal
0.79,tcp,http,SF,990,6616,0,0,0,0,0,0,12,9,0.05,0.0,0.9,0.11,normal
0.046,tcp,eco_i,REJ,80,0,0,0,0,0,0,0,173,2,0.17,0.77,0.08,0.68,Probe
0.0,tcp,private,REJ,0,0,0,0,0,0,0,0,166,20,0.9,0.09,0.16,0.05,DoS
0.883,tcp,http,SF,479,7839,0,0,0,0,0,0,4,2,0.03,0.02,0.94,0.06,normal
0.025,tcp,smtp,SF,828,1648,0,0,0,0,0,0,6,9,0.04,0.04,0.89,0.13,normal
0.035,tcp,http,SF,350,2099,0,0,0,0,0,0,12,7,0.01,0.01,0.99,0.07,normal
101.11,tcp,ssh,SF,9746,17091,0,0,0,0,0,0,2,3,0.0,0.0,1.0,0.0,normal
11.96,tcp,ssh,SF,9857,15334,0,0,0,0,0,0,1,3,0.0,0.0,1.0,0.0,normal
0.019,tcp,eco_i,SF,15,0,0,0,0,0,0,0,212,1,0.11,0.62,0.08,0.89,Probe
0.016,tcp,private,RSTO,82,0,0,0,0,0,0,0,191,4,0.13,0.52,0.09,0.78,Probe
0.0,tcp,private,REJ,0,0,0,0,0,0,0,0,388,11,0.92,0.08,0.19,0.16,DoS
0.057,tcp,http,SF,426,6893,0,0,0,0,0,0,1,9,0.01,0.03,1.0,0.02,normal
0.022,tcp,dns,SF,974,5252,0,0,0,0,0,0,11,2,0.03,0.05,0.91,0.01,normal
0.118,tcp,http,SF,1523,7689,0,0,0,0,0,0,9,7,0.04,0.03,0.99,0.02,normal
0.401,tcp,http,SF,800,5620,0,0,0,0,0,0,9,10,0.01,0.01,0.98,0.04,normal
57.3,tcp,telnet,SF,3418,9147,0,0,4,0,4,1,1,1,0.0,0.0,1.0,0.0,U2R
0.192,tcp,http,SF,1119,2844,0,0,0,0,0,0,1,4,0.04,0.05,0.88,0.04,normal
7.35,tcp,ssh,SF,278,763,0,0,4,3,0,0,2,5,0.0,0.0,1.0,0.0,R2L
0.0,tcp,private,REJ,0,0,0,0,0,0,0,0,410,4,0.96,0.1,0.15,0.09,DoS
13.38,tcp,ssh,SF,186,439,0,0,4,6,0,0,4,5,0.0,0.0,1.0,0.0,R2L
0.421,tcp,smtp,SF,1748,7686,0,0,0,0,0,0,8,10,0.01,0.03,0.91,0.14,normal
0.288,tcp,http,SF,1771,5186,0,0,0,0,0,0,11,7,0.02,0.03,0.9,0.08,normal
0.131,tcp,http,SF,681,5731,0,0,0,0,0,0,2,8,0.03,0.04,0.92,0.0,normal
0.462,tcp,dns,SF,1531,7134,0,0,0,0,0,0,4,7,0.0,0.0,0.92,0.12,normal
0.631,tcp,http,SF,884,4633,0,0,0,0,0,0,2,5,0.05,0.05,0.93,0.06,normal
0.0,tcp,private,S0,0,0,0,0,0,0,0,0,152,11,0.89,0.02,0.07,0.14,DoS
1.194,tcp,http,SF,178,6487,0,0,0,0,0,0,3,7,0.01,0.03,0.93,0.13,normal
0.74,tcp,smtp,SF,365,1850,0,0,0,0,0,0,10,9,0.01,0.01,0.98,0.1,normal
0.0,tcp,private,S0,0,0,0,0,0,0,0,0,195,6,0.97,0.08,0.16,0.13,DoS
0.046,tcp,http,REJ,48,0,0,0,0,0,0,0,102,4,0.14,0.53,0.06,0.86,Probe
0.0,tcp,private,S0,0,0,0,0,0,0,0,0,312,20,0.9,0.02,0.18,0.08,DoS
91.54,tcp,ssh,SF,4459,16464,0,0,0,0,0,0,1,1,0.0,0.0,1.0,0.0,normal
16.83,tcp,ssh,SF,5876,14412,0,0,0,0,0,0,2,2,0.0,0.0,1.0,0.0,normal
10.67,tcp,ssh,SF,557,418,0,0,4,3,0,0,2,1,0.0,0.0,1.0,0.0,R2L
0.001,tcp,http,REJ,99,0,0,0,0,0,0,0,169,2,0.11,0.72,0.0,0.65,Probe
8.15,tcp,telnet,SF,156,739,0,0,2,4,0,0,3,5,0.0,0.0,1.0,0.0,R2L
1.124,tcp,http,SF,623,3453,0,0,0,0,0,0,11,9,0.03,0.0,0.87,0.13,normal
22.07,tcp,ssh,SF,7080,30222,0,0,0,0,0,0,3,3,0.0,0.0,1.0,0.0,normal
0.748,tcp,smtp,SF,1010,5898,0,0,0,0,0,0,9,4,0.02,0.05,0.97,0.12,normal
0.048,icmp,finger,SF,2,0,0,0,0,0,0,0,131,3,0.12,0.5,0.05,0.65,Probe
0.232,tcp,dns,SF,1496,7603,0,0,0,0,0,0,8,8,0.01,0.04,0.99,0.05,normal
0.753,tcp,dns,SF,781,1151,0,0,0,0,0,0,3,4,0.04,0.0,0.92,0.08,normal
0.009,icmp,http,REJ,39,0,0,0,0,0,0,0,170,4,0.08,0.82,0.0,0.98,Probe
0.924,tcp,http,SF,197,5203,0,0,0,0,0,0,2,5,0.0,0.04,0.91,0.02,normal
0.019,icmp,eco_i,REJ,36,0,0,0,0,0,0,0,167,3,0.08,0.71,0.09,0.7,Probe
0.04,tcp,private,SF,18,0,0,0,0,0,0,0,170,1,0.18,0.75,0.0,0.69,Probe
0.0,tcp,private,REJ,0,0,0,0,0,0,0,0,375,20,0.86,0.08,0.1,0.11,DoS
35.45,tcp,ssh,SF,6477,30825,0,0,0,0,0,0,3,3,0.0,0.0,1.0,0.0,normal
52.98,tcp,telnet,SF,3754,6849,0,0,4,0,4,1,1,1,0.0,0.0,1.0,0.0,U2R
14.74,tcp,telnet,SF,475,598,0,0,4,2,0,0,2,3,0.0,0.0,1.0,0.0,R2L
43.57,tcp,ssh,SF,2511,26578,0,0,0,0,0,0,3,3,0.0,0.0,1.0,0.0,normal
28.56,tcp,ssh,SF,9331,26238,0,0,0,0,0,0,1,2,0.0,0.0,1.0,0.0,normal
0.01,tcp,private,RSTO,32,0,0,0,0,0,0,0,98,4,0.14,0.51,0.02,0.91,Probe
0.046,tcp,private,RSTO,68,0,0,0,0,0,0,0,91,1,0.17,0.46,0.06,0.99,Probe
0.785,tcp,http,SF,1265,3627,0,0,0,0,0,0,6,8,0.01,0.05,0.98,0.13,normal
0.0,tcp,private,S0,0,0,0,0,0,0,0,0,419,15,1.0,0.03,0.12,0.11,DoS
0.0,tcp,private,S0,0,0,0,0,0,0,0,0,166,24,0.94,0.1,0.12,0.16,DoS
14.87,tcp,telnet,SF,388,746,0,0,2,2,0,0,4,5,0.0,0.0,1.0,0.0,R2L
0.056,tcp,smtp,SF,425,5546,0,0,0,0,0,0,1,8,0.05,0.01,0.89,0.12,normal
0.892,tcp,smtp,SF,1319,8100,0,0,0,0,0,0,9,10,0.0,0.0,0.98,0.13,normal
20.95,tcp,telnet,SF,4064,8045,0,0,2,0,4,1,1,1,0.0,0.0,1.0,0.0,U2R
0.024,icmp,http,SF,63,0,0,0,0,0,0,0,138,4,0.11,0.53,0.01,0.66,Probe
0.973,tcp,smtp,SF,1386,1023,0,0,0,0,0,0,6,10,0.01,0.05,0.86,0.03,normal
0.655,tcp,http,SF,936,2563,0,0,0,0,0,0,1,10,0.03,0.03,0.98,0.1,normal
0.045,tcp,private,RSTO,86,0,0,0,0,0,0,0,104,1,0.04,0.54,0.03,0.73,Probe
0.021,icmp,http,REJ,48,0,0,0,0,0,0,0,144,3,0.13,0.47,0.05,0.7,Probe
6.01,tcp,ssh,SF,243,336,0,0,1,2,0,0,4,1,0.0,0.0,1.0,0.0,R2L
0.0,tcp,private,S0,0,0,0,0,0,0,0,0,474,9,0.86,0.08,0.2,0.08,DoS
0.235,tcp,dns,SF,490,2314,0,0,0,0,0,0,1,10,0.03,0.04,0.86,0.13,normal
1.005,tcp,smtp,SF,1006,6957,0,0,0,0,0,0,1,5,0.01,0.03,0.98,0.05,normal
37.36,tcp,ssh,SF,5291,14866,0,0,0,0,0,0,2,3,0.0,0.0,1.0,0.0,normal
0.486,tcp,smtp,SF,1104,7885,0,0,0,0,0,0,8,1,0.05,0.02,0.97,0.04,normal
0.0,tcp,private,S0,0,0,0,0,0,0,0,0,466,3,0.86,0.09,0.09,0.18,DoS
0.038,tcp,telnet,SF,52,0,0,0,0,0,0,0,217,4,0.08,0.83,0.04,0.79,Probe
0.307,tcp,http,SF,948,7322,0,0,0,0,0,0,5,9,0.02,0.02,0.94,0.02,normal
0.0,tcp,private,S0,0,0,0,0,0,0,0,0,311,4,0.91,0.03,0.09,0.15,DoS
0.412,tcp,smtp,SF,1598,8259,0,0,0,0,0,0,11,2,0.04,0.04,0.91,0.12,normal
0.316,tcp,http,SF,333,4790,0,0,0,0,0,0,4,7,0.04,0.04,0.88,0.14,normal
11.93,tcp,ftp,SF,227,499,0,0,2,4,0,0,5,3,0.0,0.0,1.0,0.0,R2L
0.409,tcp,smtp,SF,557,2699,0,0,0,0,0,0,9,8,0.02,0.05,0.88,0.01,normal
0.707,tcp,http,SF,1611,5753,0,0,0,0,0,0,11,7,0.03,0.02,0.99,0.01,normal
0.835,tcp,http,SF,778,8392,0,0,0,0,0,0,4,7,0.04,0.03,0.87,0.03,normal
0.0,tcp,private,S0,0,0,0,0,0,0,0,0,458,7,0.92,0.07,0.1,0.13,DoS
0.4,tcp,smtp,SF,1172,1534,0,0,0,0,0,0,8,6,0.05,0.03,0.92,0.15,normal
8.13,tcp,telnet,SF,185,493,0,0,2,4,0,0,4,4,0.0,0.0,1.0,0.0,R2L
0.064,tcp,http,SF,380,5769,0,0,0,0,0,0,8,1,0.03,0.02,0.95,0.02,normal
0.0,tcp,private,S0,0,0,0,0,0,0,0,0,381,4,0.99,0.06,0.1,0.14,DoS
1.145,tcp,http,SF,1329,2379,0,0,0,0,0,0,3,9,0.01,0.04,0.95,0.11,normal
71.3,tcp,ssh,SF,3114,7448,0,0,0,0,0,0,1,1,0.0,0.0,1.0,0.0,normal
0.22,tcp,http,SF,469,3470,0,0,0,0,0,0,1,1,0.02,0.04,0.91,0.08,normal
0.855,tcp,http,SF,839,7176,0,0,0,0,0,0,6,6,0.04,0.04,0.99,0.05,normal
0.0,tcp,private,S0,0,0,0,0,0,0,0,0,234,23,0.99,0.06,0.07,0.1,DoS
0.02,icmp,finger,REJ,15,0,0,0,0,0,0,0,161,4,0.17,0.4,0.07,0.81,Probe
0.041,tcp,eco_i,RSTO,66,0,0,0,0,0,0,0,86,3,0.04,0.51,0.05,0.7,Probe
0.205,tcp,dns,SF,1200,5244,0,0,0,0,0,0,6,2,0.01,0.01,0.91,0.13,normal
0.0,tcp,private,S0,0,0,0,0,0,0,0,0,302,12,0.95,0.0,0.13,0.12,DoS
46.96,tcp,telnet,SF,1252,3771,0,0,6,0,2,1,1,1,0.0,0.0,1.0,0.0,U2R
0.245,tcp,http,SF,1224,7398,0,0,0,0,0,0,8,4,0.01,0.03,0.91,0.04,normal
23.91,tcp,ssh,SF,2418,23299,0,0,0,0,0,0,1,3,0.0,0.0,1.0,0.0,normal
0.0,tcp,private,S0,0,0,0,0,0,0,0,0,402,13,1.0,0.02,0.19,0.2,DoS
0.046,icmp,private,REJ,77,0,0,0,0,0,0,0,159,1,0.17,0.59,0.05,0.74,Probe
9.23,tcp,ssh,SF,8128,12088,0,0,0,0,0,0,1,3,0.0,0.0,1.0,0.0,normal
34.33,tcp,ssh,SF,7272,30431,0,0,0,0,0,0,3,1,0.0,0.0,1.0,0.0,normal
22.31,tcp,telnet,SF,1538,6322,0,0,6,0,1,1,1,1,0.0,0.0,1.0,0.0,U2R
11.28,tcp,ssh,SF,522,236,0,0,3,5,0,0,2,5,0.0,0.0,1.0,0.0,R2L
0.0,tcp,private,REJ,0,0,0,0,0,0,0,0,275,23,0.91,0.03,0.09,0.08,DoS
68.18,tcp,ssh,SF,7504,32289,0,0,0,0,0,0,2,1,0.0,0.0,1.0,0.0,normal
0.047,icmp,eco_i,SF,72,0,0,0,0,0,0,0,182,4,0.19,0.77,0.01,0.94,Probe
115.72,tcp,ssh,SF,5876,8516,0,0,0,0,0,0,3,3,0.0,0.0,1.0,0.0,normal
0.0,tcp,private,S0,0,0,0,0,0,0,0,0,417,17,0.94,0.02,0.08,0.11,DoS
66.9,tcp,ssh,SF,6739,4328,0,0,0,0,0,0,1,3,0.0,0.0,1.0,0.0,normal
0.394,tcp,http,SF,544,7377,0,0,0,0,0,0,4,8,0.03,0.03,0.95,0.0,normal
0.01,icmp,private,RSTO,75,0,0,0,0,0,0,0,191,1,0.09,0.54,0.02,0.95,Probe
0.323,tcp,smtp,SF,399,2552,0,0,0,0,0,0,11,8,0.02,0.04,0.86,0.11,normal
0.0,tcp,private,S0,0,0,0,0,0,0,0,0,222,21,0.87,0.08,0.07,0.19,DoS
7.67,tcp,ssh,SF,171,443,0,0,1,5,0,0,2,5,0.0,0.0,1.0,0.0,R2L
1.064,tcp,http,SF,1552,2526,0,0,0,0,0,0,2,8,0.01,0.04,1.0,0.14,normal
1.105,tcp,dns,SF,785,6805,0,0,0,0,0,0,12,9,0.03,0.03,0.97,0.15,normal
0.003,icmp,http,SF,75,0,0,0,0,0,0,0,127,4,0.02,0.87,0.08,0.99,Probe
47.14,tcp,ssh,SF,6760,25999,0,0,0,0,0,0,1,2,0.0,0.0,1.0,0.0,normal
0.0,tcp,private,REJ,0,0,0,0,0,0,0,0,440,23,0.92,0.03,0.14,0.09,DoS
0.0,tcp,private,S0,0,0,0,0,0,0,0,0,429,3,0.89,0.1,0.11,0.06,DoS
0.0,tcp,private,REJ,0,0,0,0,0,0,0,0,426,10,0.85,0.08,0.06,0.09,DoS
0.0,tcp,finger,REJ,24,0,0,0,0,0,0,0,127,1,0.06,0.79,0.01,0.89,Probe
0.412,tcp,dns,SF,701,6769,0,0,0,0,0,0,10,8,0.05,0.04,0.89,0.15,normal
0.332,tcp,http,SF,1178,935,0,0,0,0,0,0,2,7,0.04,0.04,0.97,0.06,normal
0.0,tcp,private,REJ,0,0,0,0,0,0,0,0,314,16,0.91,0.05,0.18,0.13,DoS
0.0,tcp,private,S0,0,0,0,0,0,0,0,0,441,16,0.9,0.08,0.1,0.14,DoS
0.268,tcp,http,SF,1194,7905,0,0,0,0,0,0,2,8,0.01,0.02,1.0,0.1,normal
0.0,tcp,private,S0,0,0,0,0,0,0,0,0,339,11,0.87,0.03,0.11,0.06,DoS
5.94,tcp,ftp,SF,475,481,0,0,3,6,0,0,1,4,0.0,0.0,1.0,0.0,R2L
0.035,tcp,http,REJ,89,0,0,0,0,0,0,0,122,1,0.07,0.83,0.06,0.81,Probe
94.11,tcp,ssh,SF,4686,7295,0,0,0,0,0,0,2,2,0.0,0.0,1.0,0.0,normal
115.11,tcp,ssh,SF,9376,11313,0,0,0,0,0,0,2,3,0.0,0.0,1.0,0.0,normal
0.007,tcp,private,SF,77,0,0,0,0,0,0,0,139,3,0.03,0.79,0.07,0.78,Probe
0.0,tcp,private,S0,0,0,0,0,0,0,0,0,295,25,0.88,0.02,0.15,0.11,DoS
0.0,tcp,private,S0,0,0,0,0,0,0,0,0,203,21,0.92,0.08,0.08,0.15,DoS
0.976,tcp,http,SF,1482,5198,0,0,0,0,0,0,12,10,0.03,0.05,0.94,0.12,normal
0.0,tcp,private,REJ,0,0,0,0,0,0,0,0,192,14,0.9,0.07,0.07,0.15,DoS
0.644,tcp,smtp,SF,1470,3066,0,0,0,0,0,0,4,6,0.02,0.03,0.96,0.11,normal
0.867,tcp,smtp,SF,866,2111,0,0,0,0,0,0,3,9,0.03,0.02,0.93,0.14,normal
0.001,icmp,telnet,REJ,59,0,0,0,0,0,0,0,120,3,0.03,0.57,0.01,0.67,Probe
0.045,icmp,http,REJ,3,0,0,0,0,0,0,0,114,2,0.02,0.52,0.08,0.67,Probe
0.005,tcp,telnet,SF,76,0,0,0,0,0,0,0,194,3,0.09,0.83,0.0,0.82,Probe
0.0,tcp,private,S0,0,0,0,0,0,0,0,0,436,2,0.92,0.01,0.05,0.15,DoS
0.23,tcp,http,SF,1273,2483,0,0,0,0,0,0,11,8,0.04,0.01,0.95,0.14,normal
0.191,tcp,http,SF,1046,3319,0,0,0,0,0,0,7,5,0.03,0.02,0.93,0.07,normal
0.015,tcp,finger,RSTO,33,0,0,0,0,0,0,0,110,2,0.2,0.54,0.09,0.66,Probe
0.222,tcp,http,SF,949,6614,0,0,0,0,0,0,7,9,0.03,0.03,0.85,0.06,normal
0.013,icmp,private,REJ,20,0,0,0,0,0,0,0,130,2,0.04,0.51,0.09,0.75,Probe
0.783,tcp,http,SF,1121,5460,0,0,0,0,0,0,4,2,0.01,0.02,0.94,0.09,normal
0.203,tcp,dns,SF,1755,4033,0,0,0,0,0,0,3,1,0.01,0.0,0.95,0.14,normal
0.935,tcp,smtp,SF,885,7693,0,0,0,0,0,0,4,3,0.02,0.01,0.98,0.07,normal
0.564,tcp,http,SF,1269,2555,0,0,0,0,0,0,7,3,0.02,0.02,0.9,0.1,normal
0.984,tcp,http,SF,1597,2430,0,0,0,0,0,0,5,10,0.03,0.0,0.91,0.06,normal
24.45,tcp,ssh,SF,4670,9131,0,0,0,0,0,0,2,3,0.0,0.0,1.0,0.0,normal
1.19,tcp,ssh,SF,309,309,0,0,3,4,0,0,1,1,0.0,0.0,1.0,0.0,R2L
91.81,tcp,ssh,SF,5619,18922,0,0,0,0,0,0,3,1,0.0,0.0,1.0,0.0,normal
0.971,tcp,http,SF,1617,5580,0,0,0,0,0,0,10,1,0.04,0.02,0.92,0.0,normal
0.402,tcp,http,SF,211,5851,0,0,0,0,0,0,3,7,0.04,0.02,0.99,0.1,normal
0.657,tcp,dns,SF,1648,2301,0,0,0,0,0,0,7,10,0.01,0.03,0.87,0.0,normal
0.034,tcp,http,RSTO,82,0,0,0,0,0,0,0,184,3,0.13,0.43,0.03,0.89,Probe
0.912,tcp,http,SF,220,5166,0,0,0,0,0,0,11,3,0.01,0.01,0.9,0.1,normal
0.878,tcp,http,SF,376,3599,0,0,0,0,0,0,12,8,0.03,0.03,0.98,0.14,normal
0.537,tcp,http,SF,1325,3709,0,0,0,0,0,0,11,3,0.01,0.01,0.96,0.14,normal
0.0,tcp,private,S0,0,0,0,0,0,0,0,0,398,24,0.95,0.08,0.06,0.13,DoS
1.007,tcp,http,SF,1723,8374,0,0,0,0,0,0,3,2,0.04,0.03,0.96,0.1,normal
0.0,tcp,private,S0,0,0,0,0,0,0,0,0,447,3,0.9,0.06,0.13,0.12,DoS
0.043,icmp,private,SF,5,0,0,0,0,0,0,0,159,4,0.2,0.67,0.08,0.94,Probe
0.0,tcp,private,S0,0,0,0,0,0,0,0,0,245,10,0.93,0.09,0.2,0.18,DoS
1.063,tcp,smtp,SF,1487,4191,0,0,0,0,0,0,12,1,0.03,0.05,0.96,0.09,normal
0.0,tcp,private,REJ,0,0,0,0,0,0,0,0,239,7,0.94,0.04,0.19,0.08,DoS
0.693,tcp,http,SF,1583,6003,0,0,0,0,0,0,6,1,0.04,0.04,0.96,0.08,normal
0.0,icmp,finger,REJ,17,0,0,0,0,0,0,0,175,2,0.11,0.66,0.04,0.98,Probe
0.699,tcp,http,SF,958,1120,0,0,0,0,0,0,1,3,0.03,0.01,0.91,0.07,normal
0.0,tcp,private,S0,0,0,0,0,0,0,0,0,299,15,0.94,0.09,0.12,0.1,DoS
0.538,tcp,http,SF,1193,6297,0,0,0,0,0,0,2,2,0.03,0.04,0.95,0.03,normal
0.011,tcp,finger,RSTO,74,0,0,0,0,0,0,0,220,3,0.15,0.84,0.0,0.92,Probe
0.901,tcp,smtp,SF,810,5544,0,0,0,0,0,0,10,9,0.01,0.02,0.85,0.03,normal
0.608,tcp,http,SF,525,2052,0,0,0,0,0,0,11,2,0.04,0.02,0.97,0.03,normal
0.0,tcp,private,REJ,0,0,0,0,0,0,0,0,443,25,0.92,0.04,0.15,0.12,DoS
1.058,tcp,http,SF,645,5024,0,0,0,0,0,0,2,8,0.04,0.03,0.86,0.14,normal
0.0,tcp,private,S0,0,0,0,0,0,0,0,0,427,16,0.99,0.07,0.18,0.19,DoS
11.88,tcp,ssh,SF,159,667,0,0,4,6,0,0,4,5,0.0,0.0,1.0,0.0,R2L
13.13,tcp,ssh,SF,2085,9082,0,0,0,0,0,0,3,1,0.0,0.0,1.0,0.0,normal
0.03,tcp,finger,REJ,17,0,0,0,0,0,0,0,217,1,0.06,0.94,0.02,0.71,Probe
0.012,icmp,telnet,RSTO,12,0,0,0,0,0,0,0,117,2,0.03,0.44,0.05,0.92,Probe
4.17,tcp,ftp,SF,381,670,0,0,2,3,0,0,3,5,0.0,0.0,1.0,0.0,R2L
0.689,tcp,smtp,SF,1744,4163,0,0,0,0,0,0,6,9,0.01,0.05,0.85,0.09,normal
0.323,tcp,dns,SF,798,3625,0,0,0,0,0,0,5,7,0.01,0.04,0.96,0.14,normal
0.0,tcp,private,S0,0,0,0,0,0,0,0,0,447,15,0.99,0.05,0.05,0.18,DoS
1.021,tcp,smtp,SF,1459,1440,0,0,0,0,0,0,3,1,0.01,0.02,0.97,0.11,normal
28.67,tcp,telnet,SF,2671,6516,0,0,3,0,2,1,1,1,0.0,0.0,1.0,0.0,U2R
0.707,tcp,http,SF,1226,3922,0,0,0,0,0,0,3,4,0.04,0.03,0.9,0.09,normal
0.0,tcp,private,S0,0,0,0,0,0,0,0,0,385,17,0.87,0.02,0.05,0.11,DoS
88.43,tcp,ssh,SF,5536,32722,0,0,0,0,0,0,3,1,0.0,0.0,1.0,0.0,normal
0.0,tcp,private,S0,0,0,0,0,0,0,0,0,267,8,0.88,0.06,0.08,0.16,DoS
0.215,tcp,dns,SF,1661,2358,0,0,0,0,0,0,10,6,0.01,0.01,0.86,0.08,normal
0.223,tcp,http,SF,661,839,0,0,0,0,0,0,4,7,0.02,0.02,0.93,0.13,normal
0.652,tcp,http,SF,387,6775,0,0,0,0,0,0,2,2,0.03,0.02,0.89,0.09,normal
88.73,tcp,ssh,SF,11083,17483,0,0,0,0,0,0,3,3,0.0,0.0,1.0,0.0,normal
0.028,tcp,http,SF,1800,5656,0,0,0,0,0,0,4,6,0.0,0.02,0.96,0.01,normal
0.185,tcp,http,SF,935,5251,0,0,0,0,0,0,9,1,0.0,0.0,0.93,0.14,normal
0.0,tcp,private,REJ,0,0,0,0,0,0,0,0,140,20,0.9,0.1,0.06,0.11,DoS
0.14,tcp,smtp,SF,314,1138,0,0,0,0,0,0,6,6,0.03,0.03,0.99,0.02,normal
42.63,tcp,ssh,SF,7256,9381,0,0,0,0,0,0,1,2,0.0,0.0,1.0,0.0,normal
11.45,tcp,ssh,SF,168,551,0,0,2,4,0,0,2,3,0.0,0.0,1.0,0.0,R2L
0.0,tcp,private,REJ,0,0,0,0,0,0,0,0,382,16,0.96,0.02,0.08,0.07,DoS
33.38,tcp,ssh,SF,3951,23269,0,0,0,0,0,0,2,3,0.0,0.0,1.0,0.0,normal
20.23,tcp,telnet,SF,2619,6304,0,0,4,0,2,1,1,1,0.0,0.0,1.0,0.0,U2R
0.0,tcp,private,S0,0,0,0,0,0,0,0,0,207,23,0.97,0.02,0.07,0.19,DoS
0.008,icmp,http,REJ,98,0,0,0,0,0,0,0,209,3,0.08,0.83,0.02,0.89,Probe
0.378,tcp,http,SF,1097,977,0,0,0,0,0,0,5,2,0.03,0.01,0.88,0.14,normal
0.038,tcp,http,RSTO,5,0,0,0,0,0,0,0,173,4,0.03,0.74,0.08,0.93,Probe
0.0,tcp,private,REJ,0,0,0,0,0,0,0,0,461,5,0.86,0.05,0.08,0.18,DoS
0.538,tcp,smtp,SF,1246,422,0,0,0,0,0,0,8,4,0.03,0.01,0.98,0.03,normal
6.26,tcp,telnet,SF,547,371,0,0,1,5,0,0,1,5,0.0,0.0,1.0,0.0,R2L
0.367,tcp,http,SF,1795,7609,0,0,0,0,0,0,6,7,0.03,0.01,0.91,0.03,normal
0.0,tcp,private,S0,0,0,0,0,0,0,0,0,341,20,0.86,0.05,0.15,0.07,DoS
0.0,tcp,private,REJ,0,0,0,0,0,0,0,0,163,22,0.93,0.01,0.17,0.13,DoS
0.638,tcp,smtp,SF,377,8324,0,0,0,0,0,0,9,5,0.02,0.03,0.94,0.02,normal
0.234,tcp,http,SF,1010,4975,0,0,0,0,0,0,2,8,0.04,0.05,0.96,0.1,normal
0.825,tcp,http,SF,1247,1751,0,0,0,0,0,0,5,1,0.04,0.01,0.96,0.12,normal
0.041,tcp,dns,SF,269,8245,0,0,0,0,0,0,6,8,0.05,0.03,0.92,0.01,normal
0.019,icmp,eco_i,RSTO,28,0,0,0,0,0,0,0,130,1,0.17,0.56,0.07,0.95,Probe
0.932,tcp,http,SF,713,2874,0,0,0,0,0,0,1,5,0.04,0.03,0.94,0.05,normal
0.0,tcp,private,S0,0,0,0,0,0,0,0,0,281,23,0.96,0.05,0.15,0.05,DoS
0.959,tcp,http,SF,972,8356,0,0,0,0,0,0,3,6,0.03,0.03,0.9,0.07,normal
0.0,tcp,private,REJ,0,0,0,0,0,0,0,0,442,14,0.99,0.01,0.14,0.12,DoS
1.149,tcp,dns,SF,1483,4990,0,0,0,0,0,0,11,9,0.01,0.02,0.99,0.15,normal
0.0,tcp,private,REJ,0,0,0,0,0,0,0,0,234,25,0.99,0.06,0.06,0.12,DoS
13.44,tcp,ftp,SF,383,464,0,0,2,2,0,0,4,4,0.0,0.0,1.0,0.0,R2L
0.2,tcp,smtp,SF,1172,4271,0,0,0,0,0,0,2,10,0.04,0.03,0.88,0.06,normal
0.601,tcp,dns,SF,813,710,0,0,0,0,0,0,12,3,0.01,0.05,0.91,0.06,normal
0.67,tcp,http,SF,453,1482,0,0,0,0,0,0,11,8,0.0,0.02,0.91,0.08,normal
1.166,tcp,http,SF,532,7323,0,0,0,0,0,0,6,3,0.02,0.01,0.94,0.12,normal
0.011,icmp,telnet,REJ,77,0,0,0,0,0,0,0,177,1,0.07,0.81,0.06,0.85,Probe
4.15,tcp,ftp,SF,101,640,0,0,2,5,0,0,4,5,0.0,0.0,1.0,0.0,R2L
6.3,tcp,ftp,SF,416,258,0,0,1,2,0,0,3,5,0.0,0.0,1.0,0.0,R2L
0.0,tcp,private,REJ,0,0,0,0,0,0,0,0,151,21,0.89,0.1,0.13,0.11,DoS
13.12,tcp,ftp,SF,453,252,0,0,4,5,0,0,4,1,0.0,0.0,1.0,0.0,R2L
